Trdmnt,model,coefficient,lambda,n_stocks
1992-07,M2_ln_size,intercept,0.5578103505,31
1992-07,M2_ln_size,ln_size,-0.0376724516,31
1992-07,M3_ln_be_me,intercept,-0.1106460196,12
1992-07,M3_ln_be_me,ln_be_me,0.0426538606,12
1992-07,M6_ln_size_ln_be_me,intercept,0.3676202174,12
1992-07,M6_ln_size_ln_be_me,ln_size,-0.0357608614,12
1992-07,M6_ln_size_ln_be_me,ln_be_me,0.0464751507,12
1992-08,M2_ln_size,intercept,-0.4844058122,30
1992-08,M2_ln_size,ln_size,0.0220199446,30
1992-08,M3_ln_be_me,intercept,-0.3405168176,12
1992-08,M3_ln_be_me,ln_be_me,0.0365043839,12
1992-08,M6_ln_size_ln_be_me,intercept,-0.9756456417,12
1992-08,M6_ln_size_ln_be_me,ln_size,0.0474897706,12
1992-08,M6_ln_size_ln_be_me,ln_be_me,0.0314297806,12
1992-09,M2_ln_size,intercept,-0.1847090795,30
1992-09,M2_ln_size,ln_size,0.0068329612,30
1992-09,M3_ln_be_me,intercept,-0.2932394578,12
1992-09,M3_ln_be_me,ln_be_me,0.0472484604,12
1992-09,M6_ln_size_ln_be_me,intercept,-0.6594274087,12
1992-09,M6_ln_size_ln_be_me,ln_size,0.0273805583,12
1992-09,M6_ln_size_ln_be_me,ln_be_me,0.0443226625,12
1992-10,M2_ln_size,intercept,-0.3740541814,30
1992-10,M2_ln_size,ln_size,0.0106167932,30
1992-10,M3_ln_be_me,intercept,-0.5070378922,12
1992-10,M3_ln_be_me,ln_be_me,0.0642727898,12
1992-10,M6_ln_size_ln_be_me,intercept,-0.6320846975,12
1992-10,M6_ln_size_ln_be_me,ln_size,0.0093499836,12
1992-10,M6_ln_size_ln_be_me,ln_be_me,0.0632736807,12
1992-11,M2_ln_size,intercept,0.2157208230,30
1992-11,M2_ln_size,ln_size,-0.0034233062,30
1992-11,M3_ln_be_me,intercept,0.5538424480,12
1992-11,M3_ln_be_me,ln_be_me,-0.0661881019,12
1992-11,M6_ln_size_ln_be_me,intercept,1.0214365872,12
1992-11,M6_ln_size_ln_be_me,ln_size,-0.0349628887,12
1992-11,M6_ln_size_ln_be_me,ln_be_me,-0.0624520806,12
1992-12,M2_ln_size,intercept,0.3032443568,30
1992-12,M2_ln_size,ln_size,-0.0136857586,30
1992-12,M3_ln_be_me,intercept,0.0252647915,12
1992-12,M3_ln_be_me,ln_be_me,0.0187631646,12
1992-12,M6_ln_size_ln_be_me,intercept,0.0875630452,12
1992-12,M6_ln_size_ln_be_me,ln_size,-0.0046581570,12
1992-12,M6_ln_size_ln_be_me,ln_be_me,0.0192609202,12
1993-01,M2_ln_size,intercept,0.6082032600,30
1993-01,M2_ln_size,ln_size,-0.0247812622,30
1993-01,M3_ln_be_me,intercept,0.5578076217,12
1993-01,M3_ln_be_me,ln_be_me,-0.0666813138,12
1993-01,M6_ln_size_ln_be_me,intercept,1.4112582871,12
1993-01,M6_ln_size_ln_be_me,ln_size,-0.0638141032,12
1993-01,M6_ln_size_ln_be_me,ln_be_me,-0.0598623451,12
1993-02,M2_ln_size,intercept,0.9593225164,30
1993-02,M2_ln_size,ln_size,-0.0559868305,30
1993-02,M3_ln_be_me,intercept,0.0607622833,12
1993-02,M3_ln_be_me,ln_be_me,0.0270146371,12
1993-02,M6_ln_size_ln_be_me,intercept,0.5621018439,12
1993-02,M6_ln_size_ln_be_me,ln_size,-0.0374860970,12
1993-02,M6_ln_size_ln_be_me,ln_be_me,0.0310202802,12
1993-03,M2_ln_size,intercept,-0.2475141485,30
1993-03,M2_ln_size,ln_size,0.0034475566,30
1993-03,M3_ln_be_me,intercept,-0.3947803815,12
1993-03,M3_ln_be_me,ln_be_me,0.0481189818,12
1993-03,M6_ln_size_ln_be_me,intercept,-0.8663066748,12
1993-03,M6_ln_size_ln_be_me,ln_size,0.0352569032,12
1993-03,M6_ln_size_ln_be_me,ln_be_me,0.0443515431,12
1993-04,M2_ln_size,intercept,1.0055451980,30
1993-04,M2_ln_size,ln_size,-0.0517995477,30
1993-04,M3_ln_be_me,intercept,0.7161199866,12
1993-04,M3_ln_be_me,ln_be_me,-0.0948491398,12
1993-04,M6_ln_size_ln_be_me,intercept,2.3791940067,12
1993-04,M6_ln_size_ln_be_me,ln_size,-0.1243511563,12
1993-04,M6_ln_size_ln_be_me,ln_be_me,-0.0815613772,12
1993-05,M2_ln_size,intercept,-0.4315827355,30
1993-05,M2_ln_size,ln_size,0.0159369924,30
1993-05,M3_ln_be_me,intercept,-0.4448051136,12
1993-05,M3_ln_be_me,ln_be_me,0.0542992677,12
1993-05,M6_ln_size_ln_be_me,intercept,-0.8955946908,12
1993-05,M6_ln_size_ln_be_me,ln_size,0.0337063802,12
1993-05,M6_ln_size_ln_be_me,ln_be_me,0.0506975129,12
1993-06,M2_ln_size,intercept,0.1765068140,30
1993-06,M2_ln_size,ln_size,-0.0150153438,30
1993-06,M3_ln_be_me,intercept,0.2418029216,12
1993-06,M3_ln_be_me,ln_be_me,-0.0618850547,12
1993-06,M6_ln_size_ln_be_me,intercept,0.8134641501,12
1993-06,M6_ln_size_ln_be_me,ln_size,-0.0427441797,12
1993-06,M6_ln_size_ln_be_me,ln_be_me,-0.0573175498,12
1993-07,M1_beta,intercept,-0.0938951029,11
1993-07,M1_beta,beta,0.0003067764,11
1993-07,M2_ln_size,intercept,0.0626011835,98
1993-07,M2_ln_size,ln_size,-0.0130019321,98
1993-07,M3_ln_be_me,intercept,-0.0567605879,52
1993-07,M3_ln_be_me,ln_be_me,-0.0089170592,52
1993-07,M4_beta_ln_size,intercept,-0.2869349664,11
1993-07,M4_beta_ln_size,beta,-0.0245426932,11
1993-07,M4_beta_ln_size,ln_size,0.0153011066,11
1993-07,M5_beta_ln_be_me,intercept,-0.1406792561,11
1993-07,M5_beta_ln_be_me,beta,0.0044399149,11
1993-07,M5_beta_ln_be_me,ln_be_me,0.0088792833,11
1993-07,M6_ln_size_ln_be_me,intercept,-0.1053435141,52
1993-07,M6_ln_size_ln_be_me,ln_size,0.0033523295,52
1993-07,M6_ln_size_ln_be_me,ln_be_me,-0.0087104170,52
1993-07,M7_all3,intercept,-0.3702439491,11
1993-07,M7_all3,beta,-0.0198652064,11
1993-07,M7_all3,ln_size,0.0162805983,11
1993-07,M7_all3,ln_be_me,0.0134660928,11
1993-08,M1_beta,intercept,-0.0156826481,11
1993-08,M1_beta,beta,0.0478170804,11
1993-08,M2_ln_size,intercept,0.0679105860,98
1993-08,M2_ln_size,ln_size,-0.0009112088,98
1993-08,M3_ln_be_me,intercept,0.3156926474,52
1993-08,M3_ln_be_me,ln_be_me,-0.0546530258,52
1993-08,M4_beta_ln_size,intercept,-0.1587852123,11
1993-08,M4_beta_ln_size,beta,0.0293958966,11
1993-08,M4_beta_ln_size,ln_size,0.0113428778,11
1993-08,M5_beta_ln_be_me,intercept,0.2954792377,11
1993-08,M5_beta_ln_be_me,beta,0.0203275337,11
1993-08,M5_beta_ln_be_me,ln_be_me,-0.0590562046,11
1993-08,M6_ln_size_ln_be_me,intercept,0.2360970516,52
1993-08,M6_ln_size_ln_be_me,ln_size,0.0054922725,52
1993-08,M6_ln_size_ln_be_me,ln_be_me,-0.0543144747,52
1993-08,M7_all3,intercept,0.1940302005,11
1993-08,M7_all3,beta,0.0095866348,11
1993-08,M7_all3,ln_size,0.0071947084,11
1993-08,M7_all3,ln_be_me,-0.0570292056,11
1993-09,M1_beta,intercept,0.3699347800,11
1993-09,M1_beta,beta,-0.3884971565,11
1993-09,M2_ln_size,intercept,0.4848102314,98
1993-09,M2_ln_size,ln_size,-0.0347620437,98
1993-09,M3_ln_be_me,intercept,-0.3448142967,52
1993-09,M3_ln_be_me,ln_be_me,0.0695216283,52
1993-09,M4_beta_ln_size,intercept,1.4310174743,11
1993-09,M4_beta_ln_size,beta,-0.2519070154,11
1993-09,M4_beta_ln_size,ln_size,-0.0841056304,11
1993-09,M5_beta_ln_be_me,intercept,-0.2884885963,11
1993-09,M5_beta_ln_be_me,beta,-0.3303288492,11
1993-09,M5_beta_ln_be_me,ln_be_me,0.1249638450,11
1993-09,M6_ln_size_ln_be_me,intercept,0.5021937119,52
1993-09,M6_ln_size_ln_be_me,ln_size,-0.0584454292,52
1993-09,M6_ln_size_ln_be_me,ln_be_me,0.0659189734,52
1993-09,M7_all3,intercept,0.7914058084,11
1993-09,M7_all3,beta,-0.2159952201,11
1993-09,M7_all3,ln_size,-0.0765855010,11
1993-09,M7_all3,ln_be_me,0.1033870513,11
1993-10,M1_beta,intercept,0.3650487313,11
1993-10,M1_beta,beta,-0.4104724825,11
1993-10,M2_ln_size,intercept,0.6602890942,98
1993-10,M2_ln_size,ln_size,-0.0501081691,98
1993-10,M3_ln_be_me,intercept,0.1524223697,52
1993-10,M3_ln_be_me,ln_be_me,-0.0399995730,52
1993-10,M4_beta_ln_size,intercept,1.6218956313,11
1993-10,M4_beta_ln_size,beta,-0.2486821750,11
1993-10,M4_beta_ln_size,ln_size,-0.0996226792,11
1993-10,M5_beta_ln_be_me,intercept,0.8029372514,11
1993-10,M5_beta_ln_be_me,beta,-0.4491576734,11
1993-10,M5_beta_ln_be_me,ln_be_me,-0.0831079744,11
1993-10,M6_ln_size_ln_be_me,intercept,1.1747124990,52
1993-10,M6_ln_size_ln_be_me,ln_size,-0.0705402838,52
1993-10,M6_ln_size_ln_be_me,ln_be_me,-0.0443477710,52
1993-10,M7_all3,intercept,2.3240785244,11
1993-10,M7_all3,beta,-0.2881071100,11
1993-10,M7_all3,ln_size,-0.1078784796,11
1993-10,M7_all3,ln_be_me,-0.1135010862,11
1993-11,M1_beta,intercept,0.2424982379,11
1993-11,M1_beta,beta,-0.0380509689,11
1993-11,M2_ln_size,intercept,0.7188100356,98
1993-11,M2_ln_size,ln_size,-0.0378910457,98
1993-11,M3_ln_be_me,intercept,-0.2838539941,52
1993-11,M3_ln_be_me,ln_be_me,0.0900200835,52
1993-11,M4_beta_ln_size,intercept,1.4469082259,11
1993-11,M4_beta_ln_size,beta,0.1169892849,11
1993-11,M4_beta_ln_size,ln_size,-0.0954663212,11
1993-11,M5_beta_ln_be_me,intercept,-0.1799447088,11
1993-11,M5_beta_ln_be_me,beta,-0.0007303147,11
1993-11,M5_beta_ln_be_me,ln_be_me,0.0801765199,11
1993-11,M6_ln_size_ln_be_me,intercept,0.8101926725,52
1993-11,M6_ln_size_ln_be_me,ln_size,-0.0754916439,52
1993-11,M6_ln_size_ln_be_me,ln_be_me,0.0853666770,52
1993-11,M7_all3,intercept,1.1103892363,11
1993-11,M7_all3,beta,0.1358835636,11
1993-11,M7_all3,ln_size,-0.0915097543,11
1993-11,M7_all3,ln_be_me,0.0543950461,11
1993-12,M1_beta,intercept,0.0533364927,11
1993-12,M1_beta,beta,-0.1281952360,11
1993-12,M2_ln_size,intercept,0.2546341543,98
1993-12,M2_ln_size,ln_size,-0.0267612951,98
1993-12,M3_ln_be_me,intercept,0.4689396946,52
1993-12,M3_ln_be_me,ln_be_me,-0.1171558338,52
1993-12,M4_beta_ln_size,intercept,0.0652219762,11
1993-12,M4_beta_ln_size,beta,-0.1266652517,11
1993-12,M4_beta_ln_size,ln_size,-0.0009420906,11
1993-12,M5_beta_ln_be_me,intercept,0.8497572358,11
1993-12,M5_beta_ln_be_me,beta,-0.1985548984,11
1993-12,M5_beta_ln_be_me,ln_be_me,-0.1511547157,11
1993-12,M6_ln_size_ln_be_me,intercept,0.8710298783,52
1993-12,M6_ln_size_ln_be_me,ln_size,-0.0277451135,52
1993-12,M6_ln_size_ln_be_me,ln_be_me,-0.1188660800,52
1993-12,M7_all3,intercept,1.0215925106,11
1993-12,M7_all3,beta,-0.1803618691,11
1993-12,M7_all3,ln_size,-0.0121864606,11
1993-12,M7_all3,ln_be_me,-0.1545880646,11
1994-01,M1_beta,intercept,-0.1728108319,11
1994-01,M1_beta,beta,0.0598723594,11
1994-01,M2_ln_size,intercept,-0.0893454257,98
1994-01,M2_ln_size,ln_size,-0.0014973657,98
1994-01,M3_ln_be_me,intercept,-0.2275521695,52
1994-01,M3_ln_be_me,ln_be_me,0.0181314299,52
1994-01,M4_beta_ln_size,intercept,0.4038804554,11
1994-01,M4_beta_ln_size,beta,0.1341081798,11
1994-01,M4_beta_ln_size,ln_size,-0.0457108429,11
1994-01,M5_beta_ln_be_me,intercept,-0.1515284914,11
1994-01,M5_beta_ln_be_me,beta,0.0579921745,11
1994-01,M5_beta_ln_be_me,ln_be_me,-0.0040392295,11
1994-01,M6_ln_size_ln_be_me,intercept,0.2643711585,52
1994-01,M6_ln_size_ln_be_me,ln_size,-0.0339437995,52
1994-01,M6_ln_size_ln_be_me,ln_be_me,0.0160390884,52
1994-01,M7_all3,intercept,0.5107318737,11
1994-01,M7_all3,beta,0.1281088736,11
1994-01,M7_all3,ln_size,-0.0469671309,11
1994-01,M7_all3,ln_be_me,-0.0172715003,11
1994-02,M1_beta,intercept,-0.0120159200,11
1994-02,M1_beta,beta,-0.0066734862,11
1994-02,M2_ln_size,intercept,0.0344999381,98
1994-02,M2_ln_size,ln_size,-0.0020670979,98
1994-02,M3_ln_be_me,intercept,0.0666357696,52
1994-02,M3_ln_be_me,ln_be_me,-0.0134729167,52
1994-02,M4_beta_ln_size,intercept,-0.0134777217,11
1994-02,M4_beta_ln_size,beta,-0.0068616597,11
1994-02,M4_beta_ln_size,ln_size,0.0001158682,11
1994-02,M5_beta_ln_be_me,intercept,-0.1908972545,11
1994-02,M5_beta_ln_be_me,beta,0.0091297566,11
1994-02,M5_beta_ln_be_me,ln_be_me,0.0339503428,11
1994-02,M6_ln_size_ln_be_me,intercept,0.1084200815,52
1994-02,M6_ln_size_ln_be_me,ln_size,-0.0028832101,52
1994-02,M6_ln_size_ln_be_me,ln_be_me,-0.0136506417,52
1994-02,M7_all3,intercept,-0.2281144824,11
1994-02,M7_all3,beta,0.0051893891,11
1994-02,M7_all3,ln_size,0.0026394248,11
1994-02,M7_all3,ln_be_me,0.0346939604,11
1994-03,M1_beta,intercept,0.0693198542,11
1994-03,M1_beta,beta,-0.1783481607,11
1994-03,M2_ln_size,intercept,0.6163894983,98
1994-03,M2_ln_size,ln_size,-0.0491338446,98
1994-03,M3_ln_be_me,intercept,-0.3910434856,52
1994-03,M3_ln_be_me,ln_be_me,0.0571547436,52
1994-03,M4_beta_ln_size,intercept,1.1632471678,11
1994-03,M4_beta_ln_size,beta,-0.0375300256,11
1994-03,M4_beta_ln_size,ln_size,-0.0867090255,11
1994-03,M5_beta_ln_be_me,intercept,0.1890834557,11
1994-03,M5_beta_ln_be_me,beta,-0.1889286568,11
1994-03,M5_beta_ln_be_me,ln_be_me,-0.0227302381,11
1994-03,M6_ln_size_ln_be_me,intercept,0.5143073468,52
1994-03,M6_ln_size_ln_be_me,ln_size,-0.0624712133,52
1994-03,M6_ln_size_ln_be_me,ln_be_me,0.0533039340,52
1994-03,M7_all3,intercept,1.4611048470,11
1994-03,M7_all3,beta,-0.0542536169,11
1994-03,M7_all3,ln_size,-0.0902110384,11
1994-03,M7_all3,ln_be_me,-0.0481458185,11
1994-04,M1_beta,intercept,0.0603081606,11
1994-04,M1_beta,beta,-0.2849012087,11
1994-04,M2_ln_size,intercept,-0.1237212076,98
1994-04,M2_ln_size,ln_size,-0.0018802740,98
1994-04,M3_ln_be_me,intercept,-0.2378265160,52
1994-04,M3_ln_be_me,ln_be_me,0.0190211802,52
1994-04,M4_beta_ln_size,intercept,-0.1977819433,11
1994-04,M4_beta_ln_size,beta,-0.3181244098,11
1994-04,M4_beta_ln_size,ln_size,0.0204572471,11
1994-04,M5_beta_ln_be_me,intercept,0.4716160044,11
1994-04,M5_beta_ln_be_me,beta,-0.3212381340,11
1994-04,M5_beta_ln_be_me,ln_be_me,-0.0780631604,11
1994-04,M6_ln_size_ln_be_me,intercept,-0.4050422052,52
1994-04,M6_ln_size_ln_be_me,ln_size,0.0115382530,52
1994-04,M6_ln_size_ln_be_me,ln_be_me,0.0197324137,52
1994-04,M7_all3,intercept,0.2588630654,11
1994-04,M7_all3,beta,-0.3437633138,11
1994-04,M7_all3,ln_size,0.0150883182,11
1994-04,M7_all3,ln_be_me,-0.0738122575,11
1994-05,M1_beta,intercept,0.0292387102,11
1994-05,M1_beta,beta,-0.0954601031,11
1994-05,M2_ln_size,intercept,-0.0773603140,98
1994-05,M2_ln_size,ln_size,-0.0001673738,98
1994-05,M3_ln_be_me,intercept,-0.0342017960,52
1994-05,M3_ln_be_me,ln_be_me,-0.0083794378,52
1994-05,M4_beta_ln_size,intercept,-0.0575311354,11
1994-05,M4_beta_ln_size,beta,-0.1066297372,11
1994-05,M4_beta_ln_size,ln_size,0.0068777227,11
1994-05,M5_beta_ln_be_me,intercept,0.2496364962,11
1994-05,M5_beta_ln_be_me,beta,-0.1149311101,11
1994-05,M5_beta_ln_be_me,ln_be_me,-0.0418298556,11
1994-05,M6_ln_size_ln_be_me,intercept,0.0594445277,52
1994-05,M6_ln_size_ln_be_me,ln_size,-0.0064618038,52
1994-05,M6_ln_size_ln_be_me,ln_be_me,-0.0087777521,52
1994-05,M7_all3,intercept,0.1944280151,11
1994-05,M7_all3,beta,-0.1207762982,11
1994-05,M7_all3,ln_size,0.0039153543,11
1994-05,M7_all3,ln_be_me,-0.0407267644,11
1994-06,M1_beta,intercept,-0.0829969800,11
1994-06,M1_beta,beta,-0.0904959588,11
1994-06,M2_ln_size,intercept,-0.2998079403,98
1994-06,M2_ln_size,ln_size,0.0082998947,98
1994-06,M3_ln_be_me,intercept,-0.1431999872,52
1994-06,M3_ln_be_me,ln_be_me,-0.0077655835,52
1994-06,M4_beta_ln_size,intercept,-0.2181472402,11
1994-06,M4_beta_ln_size,beta,-0.1078934653,11
1994-06,M4_beta_ln_size,ln_size,0.0107125466,11
1994-06,M5_beta_ln_be_me,intercept,0.2626157051,11
1994-06,M5_beta_ln_be_me,beta,-0.1210290559,11
1994-06,M5_beta_ln_be_me,ln_be_me,-0.0655947094,11
1994-06,M6_ln_size_ln_be_me,intercept,-0.1770320169,52
1994-06,M6_ln_size_ln_be_me,ln_size,0.0023344850,52
1994-06,M6_ln_size_ln_be_me,ln_be_me,-0.0076216827,52
1994-06,M7_all3,intercept,0.1770870452,11
1994-06,M7_all3,beta,-0.1300843876,11
1994-06,M7_all3,ln_size,0.0060656442,11
1994-06,M7_all3,ln_be_me,-0.0638858069,11
1994-07,M1_beta,intercept,-0.2230299013,31
1994-07,M1_beta,beta,-0.0329710419,31
1994-07,M2_ln_size,intercept,-0.4737430075,270
1994-07,M2_ln_size,ln_size,0.0138018164,270
1994-07,M3_ln_be_me,intercept,-0.7399815068,180
1994-07,M3_ln_be_me,ln_be_me,0.0744116490,180
1994-07,M4_beta_ln_size,intercept,-1.6609896520,31
1994-07,M4_beta_ln_size,beta,-0.0189551724,31
1994-07,M4_beta_ln_size,ln_size,0.1064250807,31
1994-07,M5_beta_ln_be_me,intercept,-0.7528126301,31
1994-07,M5_beta_ln_be_me,beta,-0.0377749890,31
1994-07,M5_beta_ln_be_me,ln_be_me,0.0871955451,31
1994-07,M6_ln_size_ln_be_me,intercept,-1.0955125293,180
1994-07,M6_ln_size_ln_be_me,ln_size,0.0252757016,180
1994-07,M6_ln_size_ln_be_me,ln_be_me,0.0771184384,180
1994-07,M7_all3,intercept,-2.0445975438,31
1994-07,M7_all3,beta,-0.0239897512,31
1994-07,M7_all3,ln_size,0.1003038631,31
1994-07,M7_all3,ln_be_me,0.0767494874,31
1994-08,M1_beta,intercept,0.8412023923,31
1994-08,M1_beta,beta,0.2433220444,31
1994-08,M2_ln_size,intercept,1.8347464294,270
1994-08,M2_ln_size,ln_size,-0.0463461602,270
1994-08,M3_ln_be_me,intercept,2.7889374776,180
1994-08,M3_ln_be_me,ln_be_me,-0.2568023279,180
1994-08,M4_beta_ln_size,intercept,6.6636883189,31
1994-08,M4_beta_ln_size,beta,0.1865699670,31
1994-08,M4_beta_ln_size,ln_size,-0.4309289841,31
1994-08,M5_beta_ln_be_me,intercept,2.0834134069,31
1994-08,M5_beta_ln_be_me,beta,0.2545861262,31
1994-08,M5_beta_ln_be_me,ln_be_me,-0.2044522417,31
1994-08,M6_ln_size_ln_be_me,intercept,4.1365943033,180
1994-08,M6_ln_size_ln_be_me,ln_size,-0.0958087189,180
1994-08,M6_ln_size_ln_be_me,ln_be_me,-0.2670625385,180
1994-08,M7_all3,intercept,7.4679460340,31
1994-08,M7_all3,beta,0.1971252735,31
1994-08,M7_all3,ln_size,-0.4180954721,31
1994-08,M7_all3,ln_be_me,-0.1609100560,31
1994-09,M1_beta,intercept,0.1124896026,31
1994-09,M1_beta,beta,0.0175755550,31
1994-09,M2_ln_size,intercept,0.8782569034,270
1994-09,M2_ln_size,ln_size,-0.0582047688,270
1994-09,M3_ln_be_me,intercept,-0.3267561226,180
1994-09,M3_ln_be_me,ln_be_me,0.0718687271,180
1994-09,M4_beta_ln_size,intercept,1.5305719422,31
1994-09,M4_beta_ln_size,beta,0.0037534317,31
1994-09,M4_beta_ln_size,ln_size,-0.1049539303,31
1994-09,M5_beta_ln_be_me,intercept,-0.6266512302,31
1994-09,M5_beta_ln_be_me,beta,0.0108731971,31
1994-09,M5_beta_ln_be_me,ln_be_me,0.1216532444,31
1994-09,M6_ln_size_ln_be_me,intercept,0.4466245030,180
1994-09,M6_ln_size_ln_be_me,ln_size,-0.0549818066,180
1994-09,M6_ln_size_ln_be_me,ln_be_me,0.0659806940,180
1994-09,M7_all3,intercept,0.8623447463,31
1994-09,M7_all3,beta,-0.0050165717,31
1994-09,M7_all3,ln_size,-0.1156168081,31
1994-09,M7_all3,ln_be_me,0.1336940554,31
1994-10,M1_beta,intercept,-0.2170187272,31
1994-10,M1_beta,beta,0.0143550771,31
1994-10,M2_ln_size,intercept,0.0227922057,270
1994-10,M2_ln_size,ln_size,-0.0158474354,270
1994-10,M3_ln_be_me,intercept,-0.1096098148,180
1994-10,M3_ln_be_me,ln_be_me,-0.0135904432,180
1994-10,M4_beta_ln_size,intercept,0.2313059726,31
1994-10,M4_beta_ln_size,beta,0.0099852326,31
1994-10,M4_beta_ln_size,ln_size,-0.0331810347,31
1994-10,M5_beta_ln_be_me,intercept,-0.2577293998,31
1994-10,M5_beta_ln_be_me,beta,0.0139859222,31
1994-10,M5_beta_ln_be_me,ln_be_me,0.0067004625,31
1994-10,M6_ln_size_ln_be_me,intercept,0.1085953895,180
1994-10,M6_ln_size_ln_be_me,ln_size,-0.0155128225,180
1994-10,M6_ln_size_ln_be_me,ln_be_me,-0.0152517203,180
1994-10,M7_all3,intercept,0.1801189125,31
1994-10,M7_all3,beta,0.0093134391,31
1994-10,M7_all3,ln_size,-0.0339978248,31
1994-10,M7_all3,ln_be_me,0.0102411361,31
1994-11,M1_beta,intercept,0.0057491098,31
1994-11,M1_beta,beta,0.0132957655,31
1994-11,M2_ln_size,intercept,-0.1253172403,270
1994-11,M2_ln_size,ln_size,0.0108246790,270
1994-11,M3_ln_be_me,intercept,0.3077898274,180
1994-11,M3_ln_be_me,ln_be_me,-0.0471791467,180
1994-11,M4_beta_ln_size,intercept,0.0879416269,31
1994-11,M4_beta_ln_size,beta,0.0124946307,31
1994-11,M4_beta_ln_size,ln_size,-0.0060831642,31
1994-11,M5_beta_ln_be_me,intercept,0.5456772117,31
1994-11,M5_beta_ln_be_me,beta,0.0181917084,31
1994-11,M5_beta_ln_be_me,ln_be_me,-0.0888653453,31
1994-11,M6_ln_size_ln_be_me,intercept,0.1977032301,180
1994-11,M6_ln_size_ln_be_me,ln_size,0.0078263662,180
1994-11,M6_ln_size_ln_be_me,ln_be_me,-0.0463410167,180
1994-11,M7_all3,intercept,0.5326339611,31
1994-11,M7_all3,beta,0.0183308990,31
1994-11,M7_all3,ln_size,0.0010127757,31
1994-11,M7_all3,ln_be_me,-0.0889708200,31
1994-12,M1_beta,intercept,-0.0705925139,31
1994-12,M1_beta,beta,0.0071199495,31
1994-12,M2_ln_size,intercept,0.0300624657,270
1994-12,M2_ln_size,ln_size,-0.0065331288,270
1994-12,M3_ln_be_me,intercept,-0.0327023542,180
1994-12,M3_ln_be_me,ln_be_me,-0.0036626497,180
1994-12,M4_beta_ln_size,intercept,-0.0656548609,31
1994-12,M4_beta_ln_size,beta,0.0070718219,31
1994-12,M4_beta_ln_size,ln_size,-0.0003654415,31
1994-12,M5_beta_ln_be_me,intercept,-0.1352719041,31
1994-12,M5_beta_ln_be_me,beta,0.0065334517,31
1994-12,M5_beta_ln_be_me,ln_be_me,0.0106454106,31
1994-12,M6_ln_size_ln_be_me,intercept,0.0668909615,180
1994-12,M6_ln_size_ln_be_me,ln_size,-0.0070803693,180
1994-12,M6_ln_size_ln_be_me,ln_be_me,-0.0044208905,180
1994-12,M7_all3,intercept,-0.1195000256,31
1994-12,M7_all3,beta,0.0063651427,31
1994-12,M7_all3,ln_size,-0.0012246469,31
1994-12,M7_all3,ln_be_me,0.0107729504,31
1995-01,M1_beta,intercept,-0.1008822070,31
1995-01,M1_beta,beta,-0.0150907877,31
1995-01,M2_ln_size,intercept,-0.3167512454,270
1995-01,M2_ln_size,ln_size,0.0136050461,270
1995-01,M3_ln_be_me,intercept,-0.1781344781,180
1995-01,M3_ln_be_me,ln_be_me,0.0067596261,180
1995-01,M4_beta_ln_size,intercept,-0.4721160298,31
1995-01,M4_beta_ln_size,beta,-0.0114723520,31
1995-01,M4_beta_ln_size,ln_size,0.0274754488,31
1995-01,M5_beta_ln_be_me,intercept,-0.2242438473,31
1995-01,M5_beta_ln_be_me,beta,-0.0162094025,31
1995-01,M5_beta_ln_be_me,ln_be_me,0.0203037677,31
1995-01,M6_ln_size_ln_be_me,intercept,-0.3513024439,180
1995-01,M6_ln_size_ln_be_me,ln_size,0.0123109983,180
1995-01,M6_ln_size_ln_be_me,ln_be_me,0.0080780179,180
1995-01,M7_all3,intercept,-0.5600263139,31
1995-01,M7_all3,beta,-0.0126261115,31
1995-01,M7_all3,ln_size,0.0260726675,31
1995-01,M7_all3,ln_be_me,0.0175884527,31
1995-02,M1_beta,intercept,-0.0105215215,31
1995-02,M1_beta,beta,-0.0120747831,31
1995-02,M2_ln_size,intercept,0.0409782903,270
1995-02,M2_ln_size,ln_size,-0.0046483503,270
1995-02,M3_ln_be_me,intercept,-0.1920454093,180
1995-02,M3_ln_be_me,ln_be_me,0.0273531273,180
1995-02,M4_beta_ln_size,intercept,-0.0514755573,31
1995-02,M4_beta_ln_size,beta,-0.0116756019,31
1995-02,M4_beta_ln_size,ln_size,0.0030310560,31
1995-02,M5_beta_ln_be_me,intercept,-0.2198160931,31
1995-02,M5_beta_ln_be_me,beta,-0.0139726178,31
1995-02,M5_beta_ln_be_me,ln_be_me,0.0344472427,31
1995-02,M6_ln_size_ln_be_me,intercept,-0.1786836724,180
1995-02,M6_ln_size_ln_be_me,ln_size,-0.0009499235,180
1995-02,M6_ln_size_ln_be_me,ln_be_me,0.0272513994,180
1995-02,M7_all3,intercept,-0.2235002340,31
1995-02,M7_all3,beta,-0.0139333026,31
1995-02,M7_all3,ln_size,0.0002860643,31
1995-02,M7_all3,ln_be_me,0.0344174508,31
1995-03,M1_beta,intercept,0.0508080318,31
1995-03,M1_beta,beta,0.0280363999,31
1995-03,M2_ln_size,intercept,0.2587757218,270
1995-03,M2_ln_size,ln_size,-0.0089834107,270
1995-03,M3_ln_be_me,intercept,0.6445720198,180
1995-03,M3_ln_be_me,ln_be_me,-0.0834914349,180
1995-03,M4_beta_ln_size,intercept,0.5041406523,31
1995-03,M4_beta_ln_size,beta,0.0236177429,31
1995-03,M4_beta_ln_size,ln_size,-0.0335516767,31
1995-03,M5_beta_ln_be_me,intercept,0.4384715121,31
1995-03,M5_beta_ln_be_me,beta,0.0315516425,31
1995-03,M5_beta_ln_be_me,ln_be_me,-0.0638045120,31
1995-03,M6_ln_size_ln_be_me,intercept,0.7663870383,180
1995-03,M6_ln_size_ln_be_me,ln_size,-0.0086601727,180
1995-03,M6_ln_size_ln_be_me,ln_be_me,-0.0844188578,180
1995-03,M7_all3,intercept,0.8081072842,31
1995-03,M7_all3,beta,0.0276070872,31
1995-03,M7_all3,ln_size,-0.0287012919,31
1995-03,M7_all3,ln_be_me,-0.0608154412,31
1995-04,M1_beta,intercept,-0.1226825033,31
1995-04,M1_beta,beta,-0.0045434689,31
1995-04,M2_ln_size,intercept,-0.1398116970,270
1995-04,M2_ln_size,ln_size,0.0018961515,270
1995-04,M3_ln_be_me,intercept,-0.1207208791,180
1995-04,M3_ln_be_me,ln_be_me,0.0012177559,180
1995-04,M4_beta_ln_size,intercept,-0.2191496346,31
1995-04,M4_beta_ln_size,beta,-0.0036031986,31
1995-04,M4_beta_ln_size,ln_size,0.0071396451,31
1995-04,M5_beta_ln_be_me,intercept,-0.0495010514,31
1995-04,M5_beta_ln_be_me,beta,-0.0038798764,31
1995-04,M5_beta_ln_be_me,ln_be_me,-0.0120447426,31
1995-04,M6_ln_size_ln_be_me,intercept,-0.0977702070,180
1995-04,M6_ln_size_ln_be_me,ln_size,-0.0016316279,180
1995-04,M6_ln_size_ln_be_me,ln_be_me,0.0010430239,180
1995-04,M7_all3,intercept,-0.1546960551,31
1995-04,M7_all3,beta,-0.0027572916,31
1995-04,M7_all3,ln_size,0.0081681286,31
1995-04,M7_all3,ln_be_me,-0.0128954052,31
1995-05,M1_beta,intercept,0.0985032025,31
1995-05,M1_beta,beta,0.0202701561,31
1995-05,M2_ln_size,intercept,0.6457652401,270
1995-05,M2_ln_size,ln_size,-0.0346857855,270
1995-05,M3_ln_be_me,intercept,0.6723595714,180
1995-05,M3_ln_be_me,ln_be_me,-0.0814864402,180
1995-05,M4_beta_ln_size,intercept,0.9400688186,31
1995-05,M4_beta_ln_size,beta,0.0120673716,31
1995-05,M4_beta_ln_size,ln_size,-0.0622852542,31
1995-05,M5_beta_ln_be_me,intercept,0.7312432617,31
1995-05,M5_beta_ln_be_me,beta,0.0260076964,31
1995-05,M5_beta_ln_be_me,ln_be_me,-0.1041410211,31
1995-05,M6_ln_size_ln_be_me,intercept,1.2911816704,180
1995-05,M6_ln_size_ln_be_me,ln_size,-0.0439938057,180
1995-05,M6_ln_size_ln_be_me,ln_be_me,-0.0861977621,180
1995-05,M7_all3,intercept,1.4322512709,31
1995-05,M7_all3,beta,0.0185269138,31
1995-05,M7_all3,ln_size,-0.0544315161,31
1995-05,M7_all3,ln_be_me,-0.0984722987,31
1995-06,M1_beta,intercept,-0.0933873036,31
1995-06,M1_beta,beta,-0.0098830322,31
1995-06,M2_ln_size,intercept,0.0231626009,270
1995-06,M2_ln_size,ln_size,-0.0083979984,270
1995-06,M3_ln_be_me,intercept,-0.2119475709,180
1995-06,M3_ln_be_me,ln_be_me,0.0203179615,180
1995-06,M4_beta_ln_size,intercept,-0.2266166841,31
1995-06,M4_beta_ln_size,beta,-0.0085844384,31
1995-06,M4_beta_ln_size,ln_size,0.0098604621,31
1995-06,M5_beta_ln_be_me,intercept,-0.2560584668,31
1995-06,M5_beta_ln_be_me,beta,-0.0113580966,31
1995-06,M5_beta_ln_be_me,ln_be_me,0.0267736186,31
1995-06,M6_ln_size_ln_be_me,intercept,-0.1437750413,180
1995-06,M6_ln_size_ln_be_me,ln_size,-0.0048465771,180
1995-06,M6_ln_size_ln_be_me,ln_be_me,0.0197989388,180
1995-06,M7_all3,intercept,-0.3563812565,31
1995-06,M7_all3,beta,-0.0102875055,31
1995-06,M7_all3,ln_size,0.0077898134,31
1995-06,M7_all3,ln_be_me,0.0259623554,31
1995-07,M1_beta,intercept,0.0286333095,99
1995-07,M1_beta,beta,0.0215064314,99
1995-07,M2_ln_size,intercept,-0.1718082225,297
1995-07,M2_ln_size,ln_size,0.0168432953,297
1995-07,M3_ln_be_me,intercept,-0.1498600166,288
1995-07,M3_ln_be_me,ln_be_me,0.0335551859,288
1995-07,M4_beta_ln_size,intercept,-0.0312756803,99
1995-07,M4_beta_ln_size,beta,0.0204849122,99
1995-07,M4_beta_ln_size,ln_size,0.0044253231,99
1995-07,M5_beta_ln_be_me,intercept,-0.1610050739,99
1995-07,M5_beta_ln_be_me,beta,0.0387289454,99
1995-07,M5_beta_ln_be_me,ln_be_me,0.0281382263,99
1995-07,M6_ln_size_ln_be_me,intercept,-0.2974327830,288
1995-07,M6_ln_size_ln_be_me,ln_size,0.0096534984,288
1995-07,M6_ln_size_ln_be_me,ln_be_me,0.0361886122,288
1995-07,M7_all3,intercept,-0.3082035256,99
1995-07,M7_all3,beta,0.0387217427,99
1995-07,M7_all3,ln_size,0.0091593455,99
1995-07,M7_all3,ln_be_me,0.0315808073,99
1995-08,M1_beta,intercept,0.0440420567,99
1995-08,M1_beta,beta,-0.0366594228,99
1995-08,M2_ln_size,intercept,-0.1272917416,297
1995-08,M2_ln_size,ln_size,0.0112113198,297
1995-08,M3_ln_be_me,intercept,-0.5227642172,288
1995-08,M3_ln_be_me,ln_be_me,0.0899463795,288
1995-08,M4_beta_ln_size,intercept,-0.1681072278,99
1995-08,M4_beta_ln_size,beta,-0.0402768194,99
1995-08,M4_beta_ln_size,ln_size,0.0156709225,99
1995-08,M5_beta_ln_be_me,intercept,-0.3039106532,99
1995-08,M5_beta_ln_be_me,beta,-0.0050591724,99
1995-08,M5_beta_ln_be_me,ln_be_me,0.0516286413,99
1995-08,M6_ln_size_ln_be_me,intercept,-0.8918865152,288
1995-08,M6_ln_size_ln_be_me,ln_size,0.0241462000,288
1995-08,M6_ln_size_ln_be_me,ln_be_me,0.0965333427,288
1995-08,M7_all3,intercept,-0.7025940031,99
1995-08,M7_all3,beta,-0.0050786805,99
1995-08,M7_all3,ln_size,0.0248078598,99
1995-08,M7_all3,ln_be_me,0.0609527867,99
1995-09,M1_beta,intercept,0.0065842926,99
1995-09,M1_beta,beta,-0.0267803490,99
1995-09,M2_ln_size,intercept,0.0028467633,296
1995-09,M2_ln_size,ln_size,-0.0018076929,296
1995-09,M3_ln_be_me,intercept,-0.3139257212,287
1995-09,M3_ln_be_me,ln_be_me,0.0479177952,287
1995-09,M4_beta_ln_size,intercept,0.0373777939,99
1995-09,M4_beta_ln_size,beta,-0.0262552833,99
1995-09,M4_beta_ln_size,ln_size,-0.0022746368,99
1995-09,M5_beta_ln_be_me,intercept,-0.2191027385,99
1995-09,M5_beta_ln_be_me,beta,-0.0062839813,99
1995-09,M5_beta_ln_be_me,ln_be_me,0.0334870643,99
1995-09,M6_ln_size_ln_be_me,intercept,-0.4275833932,287
1995-09,M6_ln_size_ln_be_me,ln_size,0.0074224080,287
1995-09,M6_ln_size_ln_be_me,ln_be_me,0.0499793260,287
1995-09,M7_all3,intercept,-0.2658534132,99
1995-09,M7_all3,beta,-0.0062862688,99
1995-09,M7_all3,ln_size,0.0029090359,99
1995-09,M7_all3,ln_be_me,0.0345804385,99
1995-10,M1_beta,intercept,-0.0386660096,99
1995-10,M1_beta,beta,0.0193546143,99
1995-10,M2_ln_size,intercept,0.1340963681,296
1995-10,M2_ln_size,ln_size,-0.0096429735,296
1995-10,M3_ln_be_me,intercept,-0.1592146621,287
1995-10,M3_ln_be_me,ln_be_me,0.0264707521,287
1995-10,M4_beta_ln_size,intercept,0.0747007291,99
1995-10,M4_beta_ln_size,beta,0.0212876516,99
1995-10,M4_beta_ln_size,ln_size,-0.0083741097,99
1995-10,M5_beta_ln_be_me,intercept,-0.3057026632,99
1995-10,M5_beta_ln_be_me,beta,0.0436062579,99
1995-10,M5_beta_ln_be_me,ln_be_me,0.0396224522,99
1995-10,M6_ln_size_ln_be_me,intercept,-0.0919818303,287
1995-10,M6_ln_size_ln_be_me,ln_size,-0.0043906364,287
1995-10,M6_ln_size_ln_be_me,ln_be_me,0.0252512782,287
1995-10,M7_all3,intercept,-0.2642400420,99
1995-10,M7_all3,beta,0.0436082868,99
1995-10,M7_all3,ln_size,-0.0025799896,99
1995-10,M7_all3,ln_be_me,0.0386527515,99
1995-11,M1_beta,intercept,-0.0674931312,99
1995-11,M1_beta,beta,0.0186590782,99
1995-11,M2_ln_size,intercept,0.0208452941,297
1995-11,M2_ln_size,ln_size,-0.0067764202,297
1995-11,M3_ln_be_me,intercept,0.1366685307,288
1995-11,M3_ln_be_me,ln_be_me,-0.0337709534,288
1995-11,M4_beta_ln_size,intercept,0.0531064933,99
1995-11,M4_beta_ln_size,beta,0.0207154447,99
1995-11,M4_beta_ln_size,ln_size,-0.0089083844,99
1995-11,M5_beta_ln_be_me,intercept,0.0317617435,99
1995-11,M5_beta_ln_be_me,beta,0.0096449829,99
1995-11,M5_beta_ln_be_me,ln_be_me,-0.0147272724,99
1995-11,M6_ln_size_ln_be_me,intercept,0.2448788666,288
1995-11,M6_ln_size_ln_be_me,ln_size,-0.0070785981,288
1995-11,M6_ln_size_ln_be_me,ln_be_me,-0.0357019597,288
1995-11,M7_all3,intercept,0.2210717481,99
1995-11,M7_all3,beta,0.0096542461,99
1995-11,M7_all3,ln_size,-0.0117797145,99
1995-11,M7_all3,ln_be_me,-0.0191547309,99
1995-12,M1_beta,intercept,-0.0731391044,99
1995-12,M1_beta,beta,-0.0377846414,99
1995-12,M2_ln_size,intercept,-0.0125386610,297
1995-12,M2_ln_size,ln_size,-0.0081061016,297
1995-12,M3_ln_be_me,intercept,-0.2237005540,288
1995-12,M3_ln_be_me,ln_be_me,0.0165713569,288
1995-12,M4_beta_ln_size,intercept,0.0210181670,99
1995-12,M4_beta_ln_size,beta,-0.0361791484,99
1995-12,M4_beta_ln_size,ln_size,-0.0069551557,99
1995-12,M5_beta_ln_be_me,intercept,-0.1456775223,99
1995-12,M5_beta_ln_be_me,beta,-0.0311968722,99
1995-12,M5_beta_ln_be_me,ln_be_me,0.0107631292,99
1995-12,M6_ln_size_ln_be_me,intercept,-0.1550377863,288
1995-12,M6_ln_size_ln_be_me,ln_size,-0.0044915870,288
1995-12,M6_ln_size_ln_be_me,ln_be_me,0.0153460743,288
1995-12,M7_all3,intercept,-0.0547057218,99
1995-12,M7_all3,beta,-0.0311924208,99
1995-12,M7_all3,ln_size,-0.0056606720,99
1995-12,M7_all3,ln_be_me,0.0086355402,99
1996-01,M1_beta,intercept,-0.0399896261,99
1996-01,M1_beta,beta,-0.0274707203,99
1996-01,M2_ln_size,intercept,0.0396293524,297
1996-01,M2_ln_size,ln_size,-0.0066624581,297
1996-01,M3_ln_be_me,intercept,-0.2984265462,288
1996-01,M3_ln_be_me,ln_be_me,0.0403520924,288
1996-01,M4_beta_ln_size,intercept,-0.0381181602,99
1996-01,M4_beta_ln_size,beta,-0.0274388096,99
1996-01,M4_beta_ln_size,ln_size,-0.0001382404,99
1996-01,M5_beta_ln_be_me,intercept,-0.1946467250,99
1996-01,M5_beta_ln_be_me,beta,-0.0134251247,99
1996-01,M5_beta_ln_be_me,ln_be_me,0.0229477618,99
1996-01,M6_ln_size_ln_be_me,intercept,-0.2624638338,288
1996-01,M6_ln_size_ln_be_me,ln_size,-0.0023525071,288
1996-01,M6_ln_size_ln_be_me,ln_be_me,0.0397103402,288
1996-01,M7_all3,intercept,-0.2508753944,99
1996-01,M7_all3,beta,-0.0134278761,99
1996-01,M7_all3,ln_size,0.0034987991,99
1996-01,M7_all3,ln_be_me,0.0242628011,99
1996-02,M1_beta,intercept,0.0258847394,99
1996-02,M1_beta,beta,0.0048649809,99
1996-02,M2_ln_size,intercept,-0.1433885111,297
1996-02,M2_ln_size,ln_size,0.0120400973,297
1996-02,M3_ln_be_me,intercept,0.1819859501,288
1996-02,M3_ln_be_me,ln_be_me,-0.0263168176,288
1996-02,M4_beta_ln_size,intercept,-0.0505342599,99
1996-02,M4_beta_ln_size,beta,0.0035619464,99
1996-02,M4_beta_ln_size,ln_size,0.0056448751,99
1996-02,M5_beta_ln_be_me,intercept,0.1997108956,99
1996-02,M5_beta_ln_be_me,beta,-0.0109215036,99
1996-02,M5_beta_ln_be_me,ln_be_me,-0.0257920344,99
1996-02,M6_ln_size_ln_be_me,intercept,0.0419145350,288
1996-02,M6_ln_size_ln_be_me,ln_size,0.0091627962,288
1996-02,M6_ln_size_ln_be_me,ln_be_me,-0.0238172524,288
1996-02,M7_all3,intercept,0.1694206844,99
1996-02,M7_all3,beta,-0.0109229857,99
1996-02,M7_all3,ln_size,0.0018847923,99
1996-02,M7_all3,ln_be_me,-0.0250836268,99
1996-03,M1_beta,intercept,-0.0294485446,99
1996-03,M1_beta,beta,0.0149058285,99
1996-03,M2_ln_size,intercept,-0.0566760055,297
1996-03,M2_ln_size,ln_size,0.0034910333,297
1996-03,M3_ln_be_me,intercept,0.0210649763,288
1996-03,M3_ln_be_me,ln_be_me,-0.0049804528,288
1996-03,M4_beta_ln_size,intercept,-0.0725919636,99
1996-03,M4_beta_ln_size,beta,0.0141701821,99
1996-03,M4_beta_ln_size,ln_size,0.0031868935,99
1996-03,M5_beta_ln_be_me,intercept,0.0723911054,99
1996-03,M5_beta_ln_be_me,beta,0.0056569900,99
1996-03,M5_beta_ln_be_me,ln_be_me,-0.0151107970,99
1996-03,M6_ln_size_ln_be_me,intercept,0.0030298757,288
1996-03,M6_ln_size_ln_be_me,ln_size,0.0011797693,288
1996-03,M6_ln_size_ln_be_me,ln_be_me,-0.0046586176,288
1996-03,M7_all3,intercept,0.0566932574,99
1996-03,M7_all3,beta,0.0056562219,99
1996-03,M7_all3,ln_size,0.0009767903,99
1996-03,M7_all3,ln_be_me,-0.0147436660,99
1996-04,M1_beta,intercept,0.4657600340,99
1996-04,M1_beta,beta,-0.1419865287,99
1996-04,M2_ln_size,intercept,0.8536664504,297
1996-04,M2_ln_size,ln_size,-0.0378233205,297
1996-04,M3_ln_be_me,intercept,0.0368117974,288
1996-04,M3_ln_be_me,ln_be_me,0.0493758683,288
1996-04,M4_beta_ln_size,intercept,0.7097535212,99
1996-04,M4_beta_ln_size,beta,-0.1378261506,99
1996-04,M4_beta_ln_size,ln_size,-0.0180231719,99
1996-04,M5_beta_ln_be_me,intercept,0.0448891035,99
1996-04,M5_beta_ln_be_me,beta,-0.1037640163,99
1996-04,M5_beta_ln_be_me,ln_be_me,0.0624481250,99
1996-04,M6_ln_size_ln_be_me,intercept,0.5078659481,288
1996-04,M6_ln_size_ln_be_me,ln_size,-0.0308140900,288
1996-04,M6_ln_size_ln_be_me,ln_be_me,0.0409699378,288
1996-04,M7_all3,intercept,0.1924074622,99
1996-04,M7_all3,beta,-0.1037567980,99
1996-04,M7_all3,ln_size,-0.0091792515,99
1996-04,M7_all3,ln_be_me,0.0589980621,99
1996-05,M1_beta,intercept,0.0145448397,99
1996-05,M1_beta,beta,-0.0735328095,99
1996-05,M2_ln_size,intercept,-0.4762434556,297
1996-05,M2_ln_size,ln_size,0.0297456214,297
1996-05,M3_ln_be_me,intercept,-0.2966311989,288
1996-05,M3_ln_be_me,ln_be_me,0.0365934254,288
1996-05,M4_beta_ln_size,intercept,-0.5916003200,99
1996-05,M4_beta_ln_size,beta,-0.0838683027,99
1996-05,M4_beta_ln_size,ln_size,0.0447743854,99
1996-05,M5_beta_ln_be_me,intercept,0.0218939469,99
1996-05,M5_beta_ln_be_me,beta,-0.0742002383,99
1996-05,M5_beta_ln_be_me,ln_be_me,-0.0010904482,99
1996-05,M6_ln_size_ln_be_me,intercept,-0.9173041123,288
1996-05,M6_ln_size_ln_be_me,ln_size,0.0406014277,288
1996-05,M6_ln_size_ln_be_me,ln_be_me,0.0476692929,288
1996-05,M7_all3,intercept,-0.7378462044,99
1996-05,M7_all3,beta,-0.0742374134,99
1996-05,M7_all3,ln_size,0.0472744275,99
1996-05,M7_all3,ln_be_me,0.0166778573,99
1996-06,M1_beta,intercept,0.2059951254,99
1996-06,M1_beta,beta,-0.0563517512,99
1996-06,M2_ln_size,intercept,-0.7170041699,297
1996-06,M2_ln_size,ln_size,0.0637181981,297
1996-06,M3_ln_be_me,intercept,-0.0426020108,288
1996-06,M3_ln_be_me,ln_be_me,0.0316776953,288
1996-06,M4_beta_ln_size,intercept,-1.2690790699,99
1996-06,M4_beta_ln_size,beta,-0.0815035140,99
1996-06,M4_beta_ln_size,ln_size,0.1089599404,99
1996-06,M5_beta_ln_be_me,intercept,0.2181289338,99
1996-06,M5_beta_ln_be_me,beta,-0.0574537153,99
1996-06,M5_beta_ln_be_me,ln_be_me,-0.0018003942,99
1996-06,M6_ln_size_ln_be_me,intercept,-1.1687836730,288
1996-06,M6_ln_size_ln_be_me,ln_size,0.0736693713,288
1996-06,M6_ln_size_ln_be_me,ln_be_me,0.0517743333,288
1996-06,M7_all3,intercept,-1.6329019697,99
1996-06,M7_all3,beta,-0.0575442889,99
1996-06,M7_all3,ln_size,0.1151794151,99
1996-06,M7_all3,ln_be_me,0.0414903055,99
1996-07,M1_beta,intercept,0.4663448131,270
1996-07,M1_beta,beta,-0.2692804440,270
1996-07,M2_ln_size,intercept,0.8937878407,367
1996-07,M2_ln_size,ln_size,-0.0517815644,367
1996-07,M3_ln_be_me,intercept,-0.9403849341,312
1996-07,M3_ln_be_me,ln_be_me,0.1903311739,312
1996-07,M4_beta_ln_size,intercept,1.0122005877,270
1996-07,M4_beta_ln_size,beta,-0.2633750375,270
1996-07,M4_beta_ln_size,ln_size,-0.0398740045,270
1996-07,M5_beta_ln_be_me,intercept,-0.4370372664,270
1996-07,M5_beta_ln_be_me,beta,-0.2085033337,270
1996-07,M5_beta_ln_be_me,ln_be_me,0.1411676287,270
1996-07,M6_ln_size_ln_be_me,intercept,-0.5438932953,312
1996-07,M6_ln_size_ln_be_me,ln_size,-0.0232718979,312
1996-07,M6_ln_size_ln_be_me,ln_be_me,0.1777961028,312
1996-07,M7_all3,intercept,-0.1790037562,270
1996-07,M7_all3,beta,-0.2105585571,270
1996-07,M7_all3,ln_size,-0.0143154453,270
1996-07,M7_all3,ln_be_me,0.1314694655,270
1996-08,M1_beta,intercept,0.0140651186,270
1996-08,M1_beta,beta,-0.0363976709,270
1996-08,M2_ln_size,intercept,-0.3096922417,367
1996-08,M2_ln_size,ln_size,0.0206911392,367
1996-08,M3_ln_be_me,intercept,-0.1448813508,312
1996-08,M3_ln_be_me,ln_be_me,0.0191253676,312
1996-08,M4_beta_ln_size,intercept,-0.3719258934,270
1996-08,M4_beta_ln_size,beta,-0.0405735612,270
1996-08,M4_beta_ln_size,ln_size,0.0281961061,270
1996-08,M5_beta_ln_be_me,intercept,-0.0113270122,270
1996-08,M5_beta_ln_be_me,beta,-0.0346893569,270
1996-08,M5_beta_ln_be_me,ln_be_me,0.0039679190,270
1996-08,M6_ln_size_ln_be_me,intercept,-0.6366927366,312
1996-08,M6_ln_size_ln_be_me,ln_size,0.0288666475,312
1996-08,M6_ln_size_ln_be_me,ln_be_me,0.0346739697,312
1996-08,M7_all3,intercept,-0.6126585460,270
1996-08,M7_all3,beta,-0.0298997826,270
1996-08,M7_all3,ln_size,0.0333612818,270
1996-08,M7_all3,ln_be_me,0.0265689034,270
1996-09,M1_beta,intercept,0.0405122486,269
1996-09,M1_beta,beta,0.0047080639,269
1996-09,M2_ln_size,intercept,-0.0434389230,366
1996-09,M2_ln_size,ln_size,0.0064126833,366
1996-09,M3_ln_be_me,intercept,-0.0556226725,311
1996-09,M3_ln_be_me,ln_be_me,0.0165632362,311
1996-09,M4_beta_ln_size,intercept,-0.0314723027,269
1996-09,M4_beta_ln_size,beta,0.0038852529,269
1996-09,M4_beta_ln_size,ln_size,0.0052610380,269
1996-09,M5_beta_ln_be_me,intercept,-0.0845758483,269
1996-09,M5_beta_ln_be_me,beta,0.0130171416,269
1996-09,M5_beta_ln_be_me,ln_be_me,0.0195617313,269
1996-09,M6_ln_size_ln_be_me,intercept,-0.0868946833,311
1996-09,M6_ln_size_ln_be_me,ln_size,0.0018321413,311
1996-09,M6_ln_size_ln_be_me,ln_be_me,0.0175591063,311
1996-09,M7_all3,intercept,-0.2734534680,269
1996-09,M7_all3,beta,0.0144076744,269
1996-09,M7_all3,ln_size,0.0104722577,269
1996-09,M7_all3,ln_be_me,0.0266912864,269
1996-10,M1_beta,intercept,0.6034214155,270
1996-10,M1_beta,beta,-0.3035591695,270
1996-10,M2_ln_size,intercept,1.7313956207,367
1996-10,M2_ln_size,ln_size,-0.1057107808,367
1996-10,M3_ln_be_me,intercept,-1.4889104637,312
1996-10,M3_ln_be_me,ln_be_me,0.2992936575,312
1996-10,M4_beta_ln_size,intercept,2.0531805579,270
1996-10,M4_beta_ln_size,beta,-0.2878747756,270
1996-10,M4_beta_ln_size,ln_size,-0.1059028873,270
1996-10,M5_beta_ln_be_me,intercept,-1.0713868516,270
1996-10,M5_beta_ln_be_me,beta,-0.1908825854,270
1996-10,M5_beta_ln_be_me,ln_be_me,0.2617150782,270
1996-10,M6_ln_size_ln_be_me,intercept,-0.4740570556,312
1996-10,M6_ln_size_ln_be_me,ln_size,-0.0595663631,312
1996-10,M6_ln_size_ln_be_me,ln_be_me,0.2672090977,312
1996-10,M7_all3,intercept,0.0708410340,270
1996-10,M7_all3,beta,-0.1999803709,270
1996-10,M7_all3,ln_size,-0.0633696793,270
1996-10,M7_all3,ln_be_me,0.2187845595,270
1996-11,M1_beta,intercept,0.1500082743,270
1996-11,M1_beta,beta,-0.0627184289,270
1996-11,M2_ln_size,intercept,0.7218870023,367
1996-11,M2_ln_size,ln_size,-0.0444524369,367
1996-11,M3_ln_be_me,intercept,-0.1376930596,312
1996-11,M3_ln_be_me,ln_be_me,0.0396293084,312
1996-11,M4_beta_ln_size,intercept,0.5202421564,270
1996-11,M4_beta_ln_size,beta,-0.0587130090,270
1996-11,M4_beta_ln_size,ln_size,-0.0270450697,270
1996-11,M5_beta_ln_be_me,intercept,-0.1320320107,270
1996-11,M5_beta_ln_be_me,beta,-0.0437435190,270
1996-11,M5_beta_ln_be_me,ln_be_me,0.0440732212,270
1996-11,M6_ln_size_ln_be_me,intercept,0.3691128514,312
1996-11,M6_ln_size_ln_be_me,ln_size,-0.0297467444,312
1996-11,M6_ln_size_ln_be_me,ln_be_me,0.0236066549,312
1996-11,M7_all3,intercept,0.2515276763,270
1996-11,M7_all3,beta,-0.0467985519,270
1996-11,M7_all3,ln_size,-0.0212795140,270
1996-11,M7_all3,ln_be_me,0.0296571695,270
1996-12,M1_beta,intercept,-0.3153361144,270
1996-12,M1_beta,beta,0.0989212912,270
1996-12,M2_ln_size,intercept,-0.8547062730,367
1996-12,M2_ln_size,ln_size,0.0472281459,367
1996-12,M3_ln_be_me,intercept,0.3812660739,312
1996-12,M3_ln_be_me,ln_be_me,-0.1002436855,312
1996-12,M4_beta_ln_size,intercept,-0.9410143542,270
1996-12,M4_beta_ln_size,beta,0.0921523158,270
1996-12,M4_beta_ln_size,ln_size,0.0457049245,270
1996-12,M5_beta_ln_be_me,intercept,0.2594757068,270
1996-12,M5_beta_ln_be_me,beta,0.0602495018,270
1996-12,M5_beta_ln_be_me,ln_be_me,-0.0898233689,270
1996-12,M6_ln_size_ln_be_me,intercept,-0.1836540142,312
1996-12,M6_ln_size_ln_be_me,ln_size,0.0331577298,312
1996-12,M6_ln_size_ln_be_me,ln_be_me,-0.0823837540,312
1996-12,M7_all3,intercept,-0.3268088546,270
1996-12,M7_all3,beta,0.0649192278,270
1996-12,M7_all3,ln_size,0.0325264906,270
1996-12,M7_all3,ln_be_me,-0.0677879233,270
1997-01,M1_beta,intercept,0.1618626307,270
1997-01,M1_beta,beta,-0.0675647806,270
1997-01,M2_ln_size,intercept,0.4632833055,367
1997-01,M2_ln_size,ln_size,-0.0266991435,367
1997-01,M3_ln_be_me,intercept,-0.1167409828,312
1997-01,M3_ln_be_me,ln_be_me,0.0356654248,312
1997-01,M4_beta_ln_size,intercept,0.5006743833,270
1997-01,M4_beta_ln_size,beta,-0.0638993049,270
1997-01,M4_beta_ln_size,ln_size,-0.0247497269,270
1997-01,M5_beta_ln_be_me,intercept,-0.0213127052,270
1997-01,M5_beta_ln_be_me,beta,-0.0552412380,270
1997-01,M5_beta_ln_be_me,ln_be_me,0.0286240212,270
1997-01,M6_ln_size_ln_be_me,intercept,0.2749310981,312
1997-01,M6_ln_size_ln_be_me,ln_size,-0.0229890161,312
1997-01,M6_ln_size_ln_be_me,ln_be_me,0.0232827238,312
1997-01,M7_all3,intercept,0.3769460409,270
1997-01,M7_all3,beta,-0.0584133481,270
1997-01,M7_all3,ln_size,-0.0220950034,270
1997-01,M7_all3,ln_be_me,0.0136555068,270
1997-02,M1_beta,intercept,0.0237986497,270
1997-02,M1_beta,beta,0.0702845790,270
1997-02,M2_ln_size,intercept,0.3641734973,367
1997-02,M2_ln_size,ln_size,-0.0203099147,367
1997-02,M3_ln_be_me,intercept,-0.0187866035,312
1997-02,M3_ln_be_me,ln_be_me,0.0186824963,312
1997-02,M4_beta_ln_size,intercept,0.3902830789,270
1997-02,M4_beta_ln_size,beta,0.0742494349,270
1997-02,M4_beta_ln_size,ln_size,-0.0267711774,270
1997-02,M5_beta_ln_be_me,intercept,-0.2361660177,270
1997-02,M5_beta_ln_be_me,beta,0.0877743008,270
1997-02,M5_beta_ln_be_me,ln_be_me,0.0406235595,270
1997-02,M6_ln_size_ln_be_me,intercept,0.3613135261,312
1997-02,M6_ln_size_ln_be_me,ln_size,-0.0223098057,312
1997-02,M6_ln_size_ln_be_me,ln_be_me,0.0066656422,312
1997-02,M7_all3,intercept,0.1556296424,270
1997-02,M7_all3,beta,0.0846536688,270
1997-02,M7_all3,ln_size,-0.0217364377,270
1997-02,M7_all3,ln_be_me,0.0258979595,270
1997-03,M1_beta,intercept,0.1706317156,269
1997-03,M1_beta,beta,0.0210910819,269
1997-03,M2_ln_size,intercept,0.3539156400,366
1997-03,M2_ln_size,ln_size,-0.0111866756,366
1997-03,M3_ln_be_me,intercept,0.5167872835,311
1997-03,M3_ln_be_me,ln_be_me,-0.0537692943,311
1997-03,M4_beta_ln_size,intercept,0.2204544138,269
1997-03,M4_beta_ln_size,beta,0.0216435593,269
1997-03,M4_beta_ln_size,ln_size,-0.0036411357,269
1997-03,M5_beta_ln_be_me,intercept,0.5313028547,269
1997-03,M5_beta_ln_be_me,beta,-0.0030916916,269
1997-03,M5_beta_ln_be_me,ln_be_me,-0.0563854461,269
1997-03,M6_ln_size_ln_be_me,intercept,0.8797015209,311
1997-03,M6_ln_size_ln_be_me,ln_size,-0.0212682677,311
1997-03,M6_ln_size_ln_be_me,ln_be_me,-0.0653294182,311
1997-03,M7_all3,intercept,0.8373121488,269
1997-03,M7_all3,beta,-0.0054807857,269
1997-03,M7_all3,ln_size,-0.0169555211,269
1997-03,M7_all3,ln_be_me,-0.0679545428,269
1997-04,M1_beta,intercept,0.0291826291,269
1997-04,M1_beta,beta,0.0499707347,269
1997-04,M2_ln_size,intercept,-0.3478550227,366
1997-04,M2_ln_size,ln_size,0.0308262961,366
1997-04,M3_ln_be_me,intercept,0.6649610131,311
1997-04,M3_ln_be_me,ln_be_me,-0.0992282682,311
1997-04,M4_beta_ln_size,intercept,-0.3502554751,269
1997-04,M4_beta_ln_size,beta,0.0457631954,269
1997-04,M4_beta_ln_size,ln_size,0.0277300442,269
1997-04,M5_beta_ln_be_me,intercept,0.6803786123,269
1997-04,M5_beta_ln_be_me,beta,0.0063084528,269
1997-04,M5_beta_ln_be_me,ln_be_me,-0.1018045861,269
1997-04,M6_ln_size_ln_be_me,intercept,0.4989683059,311
1997-04,M6_ln_size_ln_be_me,ln_size,0.0097278557,311
1997-04,M6_ln_size_ln_be_me,ln_be_me,-0.0939408034,311
1997-04,M7_all3,intercept,0.5182282491,269
1997-04,M7_all3,beta,0.0075744028,269
1997-04,M7_all3,ln_size,0.0089845111,269
1997-04,M7_all3,ln_be_me,-0.0956742715,269
1997-05,M1_beta,intercept,-0.0620202911,269
1997-05,M1_beta,beta,-0.0513833527,269
1997-05,M2_ln_size,intercept,-0.3561194707,366
1997-05,M2_ln_size,ln_size,0.0176651615,366
1997-05,M3_ln_be_me,intercept,-0.0587175501,311
1997-05,M3_ln_be_me,ln_be_me,-0.0091625594,311
1997-05,M4_beta_ln_size,intercept,-0.3634156380,269
1997-05,M4_beta_ln_size,beta,-0.0547254861,269
1997-05,M4_beta_ln_size,ln_size,0.0220265340,269
1997-05,M5_beta_ln_be_me,intercept,0.1003135692,269
1997-05,M5_beta_ln_be_me,beta,-0.0622677361,269
1997-05,M5_beta_ln_be_me,ln_be_me,-0.0253784297,269
1997-05,M6_ln_size_ln_be_me,intercept,-0.4095999532,311
1997-05,M6_ln_size_ln_be_me,ln_size,0.0205631527,311
1997-05,M6_ln_size_ln_be_me,ln_be_me,0.0020143073,311
1997-05,M7_all3,intercept,-0.2549725176,269
1997-05,M7_all3,beta,-0.0594939253,269
1997-05,M7_all3,ln_size,0.0196858751,269
1997-05,M7_all3,ln_be_me,-0.0119463569,269
1997-06,M1_beta,intercept,0.0386331964,269
1997-06,M1_beta,beta,-0.0573730714,269
1997-06,M2_ln_size,intercept,-0.0152239885,366
1997-06,M2_ln_size,ln_size,0.0000563843,366
1997-06,M3_ln_be_me,intercept,0.1431913634,311
1997-06,M3_ln_be_me,ln_be_me,-0.0265926083,311
1997-06,M4_beta_ln_size,intercept,-0.0878826852,269
1997-06,M4_beta_ln_size,beta,-0.0587759895,269
1997-06,M4_beta_ln_size,ln_size,0.0092460165,269
1997-06,M5_beta_ln_be_me,intercept,0.2599991376,269
1997-06,M5_beta_ln_be_me,beta,-0.0722155189,269
1997-06,M5_beta_ln_be_me,ln_be_me,-0.0346071975,269
1997-06,M6_ln_size_ln_be_me,intercept,0.2368234204,311
1997-06,M6_ln_size_ln_be_me,ln_size,-0.0054872238,311
1997-06,M6_ln_size_ln_be_me,ln_be_me,-0.0295751261,311
1997-06,M7_all3,intercept,0.2086377622,269
1997-06,M7_all3,beta,-0.0718145273,269
1997-06,M7_all3,ln_size,0.0028458576,269
1997-06,M7_all3,ln_be_me,-0.0326654110,269
1997-07,M1_beta,intercept,-0.0973459912,296
1997-07,M1_beta,beta,0.0396777144,296
1997-07,M2_ln_size,intercept,0.4709974153,655
1997-07,M2_ln_size,ln_size,-0.0361158475,655
1997-07,M3_ln_be_me,intercept,-0.2051697300,518
1997-07,M3_ln_be_me,ln_be_me,0.0298054977,518
1997-07,M4_beta_ln_size,intercept,0.3747700960,296
1997-07,M4_beta_ln_size,beta,0.0297447392,296
1997-07,M4_beta_ln_size,ln_size,-0.0321059576,296
1997-07,M5_beta_ln_be_me,intercept,-0.4197102409,296
1997-07,M5_beta_ln_be_me,beta,0.0438434262,296
1997-07,M5_beta_ln_be_me,ln_be_me,0.0577212959,296
1997-07,M6_ln_size_ln_be_me,intercept,0.3217066725,518
1997-07,M6_ln_size_ln_be_me,ln_size,-0.0310720071,518
1997-07,M6_ln_size_ln_be_me,ln_be_me,0.0144740635,518
1997-07,M7_all3,intercept,-0.0031072922,296
1997-07,M7_all3,beta,0.0357810194,296
1997-07,M7_all3,ln_size,-0.0224442387,296
1997-07,M7_all3,ln_be_me,0.0422218693,296
1997-08,M1_beta,intercept,-0.0405005556,296
1997-08,M1_beta,beta,0.0734718743,296
1997-08,M2_ln_size,intercept,0.3600406616,655
1997-08,M2_ln_size,ln_size,-0.0250785821,655
1997-08,M3_ln_be_me,intercept,-0.5757222365,518
1997-08,M3_ln_be_me,ln_be_me,0.1090638211,518
1997-08,M4_beta_ln_size,intercept,0.5069359806,296
1997-08,M4_beta_ln_size,beta,0.0619542123,296
1997-08,M4_beta_ln_size,ln_size,-0.0372280773,296
1997-08,M5_beta_ln_be_me,intercept,-0.6862919263,296
1997-08,M5_beta_ln_be_me,beta,0.0818170327,296
1997-08,M5_beta_ln_be_me,ln_be_me,0.1156329055,296
1997-08,M6_ln_size_ln_be_me,intercept,-0.4434323890,518
1997-08,M6_ln_size_ln_be_me,ln_size,-0.0078016610,518
1997-08,M6_ln_size_ln_be_me,ln_be_me,0.1052143546,518
1997-08,M7_all3,intercept,-0.4489164753,296
1997-08,M7_all3,beta,0.0772231683,296
1997-08,M7_all3,ln_size,-0.0127884627,296
1997-08,M7_all3,ln_be_me,0.1068015148,296
1997-09,M1_beta,intercept,-0.1614129045,296
1997-09,M1_beta,beta,0.0342285767,296
1997-09,M2_ln_size,intercept,0.1674734024,655
1997-09,M2_ln_size,ln_size,-0.0193772138,655
1997-09,M3_ln_be_me,intercept,-0.1534264911,518
1997-09,M3_ln_be_me,ln_be_me,0.0067865432,518
1997-09,M4_beta_ln_size,intercept,0.0738795222,296
1997-09,M4_beta_ln_size,beta,0.0292781972,296
1997-09,M4_beta_ln_size,ln_size,-0.0160009135,296
1997-09,M5_beta_ln_be_me,intercept,-0.2318908678,296
1997-09,M5_beta_ln_be_me,beta,0.0351393194,296
1997-09,M5_beta_ln_be_me,ln_be_me,0.0126195116,296
1997-09,M6_ln_size_ln_be_me,intercept,0.2089527489,518
1997-09,M6_ln_size_ln_be_me,ln_size,-0.0213709520,518
1997-09,M6_ln_size_ln_be_me,ln_be_me,-0.0037582325,518
1997-09,M7_all3,intercept,0.0571945061,296
1997-09,M7_all3,beta,0.0295447266,296
1997-09,M7_all3,ln_size,-0.0155743044,296
1997-09,M7_all3,ln_be_me,0.0018642888,296
1997-10,M1_beta,intercept,0.1983951981,296
1997-10,M1_beta,beta,-0.0882158150,296
1997-10,M2_ln_size,intercept,-0.3587300113,655
1997-10,M2_ln_size,ln_size,0.0333648320,655
1997-10,M3_ln_be_me,intercept,0.4909047749,518
1997-10,M3_ln_be_me,ln_be_me,-0.0710341170,518
1997-10,M4_beta_ln_size,intercept,-0.2881058672,296
1997-10,M4_beta_ln_size,beta,-0.0779801904,296
1997-10,M4_beta_ln_size,ln_size,0.0330841989,296
1997-10,M5_beta_ln_be_me,intercept,0.6652364751,296
1997-10,M5_beta_ln_be_me,beta,-0.0942485131,296
1997-10,M5_beta_ln_be_me,ln_be_me,-0.0835907937,296
1997-10,M6_ln_size_ln_be_me,intercept,0.1671431876,518
1997-10,M6_ln_size_ln_be_me,ln_size,0.0190935147,518
1997-10,M6_ln_size_ln_be_me,ln_be_me,-0.0616130660,518
1997-10,M7_all3,intercept,0.3575716928,296
1997-10,M7_all3,beta,-0.0882943579,296
1997-10,M7_all3,ln_size,0.0165752591,296
1997-10,M7_all3,ln_be_me,-0.0721443368,296
1997-11,M1_beta,intercept,-0.1180769889,296
1997-11,M1_beta,beta,0.0653253562,296
1997-11,M2_ln_size,intercept,0.2937426819,655
1997-11,M2_ln_size,ln_size,-0.0233553158,655
1997-11,M3_ln_be_me,intercept,-0.0706998440,518
1997-11,M3_ln_be_me,ln_be_me,0.0050796608,518
1997-11,M4_beta_ln_size,intercept,0.1206770168,296
1997-11,M4_beta_ln_size,beta,0.0603021476,296
1997-11,M4_beta_ln_size,ln_size,-0.0162363160,296
1997-11,M5_beta_ln_be_me,intercept,-0.2151955635,296
1997-11,M5_beta_ln_be_me,beta,0.0665803589,296
1997-11,M5_beta_ln_be_me,ln_be_me,0.0173896764,296
1997-11,M6_ln_size_ln_be_me,intercept,0.3209555159,518
1997-11,M6_ln_size_ln_be_me,ln_size,-0.0230974818,518
1997-11,M6_ln_size_ln_be_me,ln_be_me,-0.0063170128,518
1997-11,M7_all3,intercept,0.0550152979,296
1997-11,M7_all3,beta,0.0613510395,296
1997-11,M7_all3,ln_size,-0.0145574511,296
1997-11,M7_all3,ln_be_me,0.0073366669,296
1997-12,M1_beta,intercept,0.0101037626,296
1997-12,M1_beta,beta,0.0217838855,296
1997-12,M2_ln_size,intercept,0.5088639112,655
1997-12,M2_ln_size,ln_size,-0.0313499201,655
1997-12,M3_ln_be_me,intercept,0.2014218985,518
1997-12,M3_ln_be_me,ln_be_me,-0.0279459982,518
1997-12,M4_beta_ln_size,intercept,0.3970245435,296
1997-12,M4_beta_ln_size,beta,0.0136433569,296
1997-12,M4_beta_ln_size,ln_size,-0.0263123043,296
1997-12,M5_beta_ln_be_me,intercept,0.1169810655,296
1997-12,M5_beta_ln_be_me,beta,0.0204027769,296
1997-12,M5_beta_ln_be_me,ln_be_me,-0.0191370365,296
1997-12,M6_ln_size_ln_be_me,intercept,0.9501134886,518
1997-12,M6_ln_size_ln_be_me,ln_size,-0.0441533352,518
1997-12,M6_ln_size_ln_be_me,ln_be_me,-0.0497319727,518
1997-12,M7_all3,intercept,0.7935878471,296
1997-12,M7_all3,beta,0.0073085846,296
1997-12,M7_all3,ln_size,-0.0364517921,296
1997-12,M7_all3,ln_be_me,-0.0443097272,296
1998-01,M1_beta,intercept,0.0039150789,296
1998-01,M1_beta,beta,0.0227375878,296
1998-01,M2_ln_size,intercept,0.2781434563,655
1998-01,M2_ln_size,ln_size,-0.0174142884,655
1998-01,M3_ln_be_me,intercept,-0.0046056879,518
1998-01,M3_ln_be_me,ln_be_me,0.0067402326,518
1998-01,M4_beta_ln_size,intercept,0.2605591520,296
1998-01,M4_beta_ln_size,beta,0.0173379852,296
1998-01,M4_beta_ln_size,ln_size,-0.0174529188,296
1998-01,M5_beta_ln_be_me,intercept,-0.0549989335,296
1998-01,M5_beta_ln_be_me,beta,0.0234988967,296
1998-01,M5_beta_ln_be_me,ln_be_me,0.0105489152,296
1998-01,M6_ln_size_ln_be_me,intercept,0.2994390612,518
1998-01,M6_ln_size_ln_be_me,ln_size,-0.0179307340,518
1998-01,M6_ln_size_ln_be_me,ln_be_me,-0.0021070835,518
1998-01,M7_all3,intercept,0.2765420672,296
1998-01,M7_all3,beta,0.0170826713,296
1998-01,M7_all3,ln_size,-0.0178615763,296
1998-01,M7_all3,ln_be_me,-0.0017858400,296
1998-02,M1_beta,intercept,-0.0080332700,296
1998-02,M1_beta,beta,0.0221549081,296
1998-02,M2_ln_size,intercept,0.3058797609,655
1998-02,M2_ln_size,ln_size,-0.0218187881,655
1998-02,M3_ln_be_me,intercept,-0.2292328491,518
1998-02,M3_ln_be_me,ln_be_me,0.0430233179,518
1998-02,M4_beta_ln_size,intercept,0.3448177645,296
1998-02,M4_beta_ln_size,beta,0.0147311819,296
1998-02,M4_beta_ln_size,ln_size,-0.0239954127,296
1998-02,M5_beta_ln_be_me,intercept,-0.1997332017,296
1998-02,M5_beta_ln_be_me,beta,0.0246321265,296
1998-02,M5_beta_ln_be_me,ln_be_me,0.0343250484,296
1998-02,M6_ln_size_ln_be_me,intercept,-0.0345341410,518
1998-02,M6_ln_size_ln_be_me,ln_size,-0.0114821609,518
1998-02,M6_ln_size_ln_be_me,ln_be_me,0.0373578327,518
1998-02,M7_all3,intercept,0.1560963868,296
1998-02,M7_all3,beta,0.0177458505,296
1998-02,M7_all3,ln_size,-0.0191701097,296
1998-02,M7_all3,ln_be_me,0.0210866530,296
1998-03,M1_beta,intercept,0.0137624062,296
1998-03,M1_beta,beta,0.0315455313,296
1998-03,M2_ln_size,intercept,0.5715048140,655
1998-03,M2_ln_size,ln_size,-0.0375966852,655
1998-03,M3_ln_be_me,intercept,-0.1190131718,518
1998-03,M3_ln_be_me,ln_be_me,0.0294805820,518
1998-03,M4_beta_ln_size,intercept,0.5609201892,296
1998-03,M4_beta_ln_size,beta,0.0200337340,296
1998-03,M4_beta_ln_size,ln_size,-0.0372091209,296
1998-03,M5_beta_ln_be_me,intercept,-0.1368937621,296
1998-03,M5_beta_ln_be_me,beta,0.0334923668,296
1998-03,M5_beta_ln_be_me,ln_be_me,0.0269759109,296
1998-03,M6_ln_size_ln_be_me,intercept,0.5104518838,518
1998-03,M6_ln_size_ln_be_me,ln_size,-0.0371220699,518
1998-03,M6_ln_size_ln_be_me,ln_be_me,0.0111639482,518
1998-03,M7_all3,intercept,0.5473119498,296
1998-03,M7_all3,beta,0.0202511145,296
1998-03,M7_all3,ln_size,-0.0368611800,296
1998-03,M7_all3,ln_be_me,0.0015205072,296
1998-04,M1_beta,intercept,-0.0019783653,296
1998-04,M1_beta,beta,0.0993496463,296
1998-04,M2_ln_size,intercept,0.6864357742,655
1998-04,M2_ln_size,ln_size,-0.0398140955,655
1998-04,M3_ln_be_me,intercept,0.0833443439,518
1998-04,M3_ln_be_me,ln_be_me,0.0053798367,518
1998-04,M4_beta_ln_size,intercept,0.5182266090,296
1998-04,M4_beta_ln_size,beta,0.0884049163,296
1998-04,M4_beta_ln_size,ln_size,-0.0353762121,296
1998-04,M5_beta_ln_be_me,intercept,-0.1985645007,296
1998-04,M5_beta_ln_be_me,beta,0.1018900061,296
1998-04,M5_beta_ln_be_me,ln_be_me,0.0351999532,296
1998-04,M6_ln_size_ln_be_me,intercept,0.7852588401,518
1998-04,M6_ln_size_ln_be_me,ln_size,-0.0413947030,518
1998-04,M6_ln_size_ln_be_me,ln_be_me,-0.0150449838,518
1998-04,M7_all3,intercept,0.4037460972,296
1998-04,M7_all3,beta,0.0902336482,296
1998-04,M7_all3,ln_size,-0.0324491290,296
1998-04,M7_all3,ln_be_me,0.0127914010,296
1998-05,M1_beta,intercept,0.1113489838,296
1998-05,M1_beta,beta,0.0058724552,296
1998-05,M2_ln_size,intercept,0.6783789057,655
1998-05,M2_ln_size,ln_size,-0.0408002506,655
1998-05,M3_ln_be_me,intercept,-0.1707758542,518
1998-05,M3_ln_be_me,ln_be_me,0.0511029891,518
1998-05,M4_beta_ln_size,intercept,0.8014582937,296
1998-05,M4_beta_ln_size,beta,-0.0086469370,296
1998-05,M4_beta_ln_size,ln_size,-0.0469304496,296
1998-05,M5_beta_ln_be_me,intercept,-0.0706372264,296
1998-05,M5_beta_ln_be_me,beta,0.0082241493,296
1998-05,M5_beta_ln_be_me,ln_be_me,0.0325857470,296
1998-05,M6_ln_size_ln_be_me,intercept,0.3732805301,518
1998-05,M6_ln_size_ln_be_me,ln_size,-0.0320851793,518
1998-05,M6_ln_size_ln_be_me,ln_be_me,0.0352716392,518
1998-05,M7_all3,intercept,0.7995794247,296
1998-05,M7_all3,beta,-0.0086169236,296
1998-05,M7_all3,ln_size,-0.0468824099,296
1998-05,M7_all3,ln_be_me,0.0002099341,296
1998-06,M1_beta,intercept,-0.1247270966,289
1998-06,M1_beta,beta,0.0444767884,289
1998-06,M2_ln_size,intercept,0.0479748059,647
1998-06,M2_ln_size,ln_size,-0.0075385867,647
1998-06,M3_ln_be_me,intercept,0.0615328316,510
1998-06,M3_ln_be_me,ln_be_me,-0.0238713964,510
1998-06,M4_beta_ln_size,intercept,-0.0415323754,289
1998-06,M4_beta_ln_size,beta,0.0429277021,289
1998-06,M4_beta_ln_size,ln_size,-0.0056662263,289
1998-06,M5_beta_ln_be_me,intercept,-0.0981894723,289
1998-06,M5_beta_ln_be_me,beta,0.0440062473,289
1998-06,M5_beta_ln_be_me,ln_be_me,-0.0047330591,289
1998-06,M6_ln_size_ln_be_me,intercept,0.2454354454,510
1998-06,M6_ln_size_ln_be_me,ln_size,-0.0108693779,510
1998-06,M6_ln_size_ln_be_me,ln_be_me,-0.0291505943,510
1998-06,M7_all3,intercept,0.0491898372,289
1998-06,M7_all3,beta,0.0412890918,289
1998-06,M7_all3,ln_size,-0.0079652854,289
1998-06,M7_all3,ln_be_me,-0.0101600684,289
1998-07,M1_beta,intercept,0.0211378625,359
1998-07,M1_beta,beta,-0.0150178224,359
1998-07,M2_ln_size,intercept,0.2596752430,776
1998-07,M2_ln_size,ln_size,-0.0187118800,776
1998-07,M3_ln_be_me,intercept,-0.0553613954,714
1998-07,M3_ln_be_me,ln_be_me,0.0085582181,714
1998-07,M4_beta_ln_size,intercept,0.5744364217,359
1998-07,M4_beta_ln_size,beta,-0.0132794128,359
1998-07,M4_beta_ln_size,ln_size,-0.0382729038,359
1998-07,M5_beta_ln_be_me,intercept,0.0447757585,359
1998-07,M5_beta_ln_be_me,beta,-0.0161997517,359
1998-07,M5_beta_ln_be_me,ln_be_me,-0.0041070717,359
1998-07,M6_ln_size_ln_be_me,intercept,0.2658462684,714
1998-07,M6_ln_size_ln_be_me,ln_size,-0.0219815098,714
1998-07,M6_ln_size_ln_be_me,ln_be_me,0.0081528283,714
1998-07,M7_all3,intercept,0.5900202191,359
1998-07,M7_all3,beta,-0.0140954686,359
1998-07,M7_all3,ln_size,-0.0382249481,359
1998-07,M7_all3,ln_be_me,-0.0028281334,359
1998-08,M1_beta,intercept,-0.1438617913,359
1998-08,M1_beta,beta,0.0293874491,359
1998-08,M2_ln_size,intercept,0.2103053557,776
1998-08,M2_ln_size,ln_size,-0.0227499565,776
1998-08,M3_ln_be_me,intercept,-0.0023988439,714
1998-08,M3_ln_be_me,ln_be_me,-0.0219228197,714
1998-08,M4_beta_ln_size,intercept,0.2404052628,359
1998-08,M4_beta_ln_size,beta,0.0305947784,359
1998-08,M4_beta_ln_size,ln_size,-0.0265806150,359
1998-08,M5_beta_ln_be_me,intercept,-0.1191346816,359
1998-08,M5_beta_ln_be_me,beta,0.0281510575,359
1998-08,M5_beta_ln_be_me,ln_be_me,-0.0042963220,359
1998-08,M6_ln_size_ln_be_me,intercept,0.3139626276,714
1998-08,M6_ln_size_ln_be_me,ln_size,-0.0216498657,714
1998-08,M6_ln_size_ln_be_me,ln_be_me,-0.0223220932,714
1998-08,M7_all3,intercept,0.2591893344,359
1998-08,M7_all3,beta,0.0296111381,359
1998-08,M7_all3,ln_size,-0.0265228112,359
1998-08,M7_all3,ln_be_me,-0.0034089162,359
1998-09,M1_beta,intercept,0.1046708017,358
1998-09,M1_beta,beta,0.0004958873,358
1998-09,M2_ln_size,intercept,1.0098814715,775
1998-09,M2_ln_size,ln_size,-0.0619891644,775
1998-09,M3_ln_be_me,intercept,0.0442405106,713
1998-09,M3_ln_be_me,ln_be_me,0.0122268920,713
1998-09,M4_beta_ln_size,intercept,0.9065031499,358
1998-09,M4_beta_ln_size,beta,0.0029145637,358
1998-09,M4_beta_ln_size,ln_size,-0.0554495533,358
1998-09,M5_beta_ln_be_me,intercept,0.0268445399,358
1998-09,M5_beta_ln_be_me,beta,0.0043931001,358
1998-09,M5_beta_ln_be_me,ln_be_me,0.0135198256,358
1998-09,M6_ln_size_ln_be_me,intercept,0.9567402767,713
1998-09,M6_ln_size_ln_be_me,ln_size,-0.0624363085,713
1998-09,M6_ln_size_ln_be_me,ln_be_me,0.0110615085,713
1998-09,M7_all3,intercept,0.8220266868,358
1998-09,M7_all3,beta,0.0073353851,358
1998-09,M7_all3,ln_size,-0.0556978058,358
1998-09,M7_all3,ln_be_me,0.0152987113,358
1998-10,M1_beta,intercept,-0.0191140662,358
1998-10,M1_beta,beta,0.0045101032,358
1998-10,M2_ln_size,intercept,0.5234399484,775
1998-10,M2_ln_size,ln_size,-0.0357713778,775
1998-10,M3_ln_be_me,intercept,0.1583763106,713
1998-10,M3_ln_be_me,ln_be_me,-0.0291353246,713
1998-10,M4_beta_ln_size,intercept,0.4666175086,358
1998-10,M4_beta_ln_size,beta,0.0059752817,358
1998-10,M4_beta_ln_size,ln_size,-0.0335900627,358
1998-10,M5_beta_ln_be_me,intercept,0.1516509325,358
1998-10,M5_beta_ln_be_me,beta,-0.0040410917,358
1998-10,M5_beta_ln_be_me,ln_be_me,-0.0296649607,358
1998-10,M6_ln_size_ln_be_me,intercept,0.7192193343,713
1998-10,M6_ln_size_ln_be_me,ln_size,-0.0383747693,713
1998-10,M6_ln_size_ln_be_me,ln_be_me,-0.0298515956,713
1998-10,M7_all3,intercept,0.6245796118,358
1998-10,M7_all3,beta,-0.0022911895,358
1998-10,M7_all3,ln_size,-0.0331258566,358
1998-10,M7_all3,ln_be_me,-0.0286069815,358
1998-11,M1_beta,intercept,-0.0035739008,358
1998-11,M1_beta,beta,0.0091960776,358
1998-11,M2_ln_size,intercept,-0.2757699790,775
1998-11,M2_ln_size,ln_size,0.0194150414,775
1998-11,M3_ln_be_me,intercept,0.0363911540,713
1998-11,M3_ln_be_me,ln_be_me,-0.0057738654,713
1998-11,M4_beta_ln_size,intercept,-0.2506058068,358
1998-11,M4_beta_ln_size,beta,0.0084509215,358
1998-11,M4_beta_ln_size,ln_size,0.0170831332,358
1998-11,M5_beta_ln_be_me,intercept,0.0409710253,358
1998-11,M5_beta_ln_be_me,beta,0.0069654545,358
1998-11,M5_beta_ln_be_me,ln_be_me,-0.0077382572,358
1998-11,M6_ln_size_ln_be_me,intercept,-0.2140847891,713
1998-11,M6_ln_size_ln_be_me,ln_size,0.0171384080,713
1998-11,M6_ln_size_ln_be_me,ln_be_me,-0.0054539743,713
1998-11,M7_all3,intercept,-0.2048402428,358
1998-11,M7_all3,beta,0.0060559185,358
1998-11,M7_all3,ln_size,0.0172176253,358
1998-11,M7_all3,ln_be_me,-0.0082881566,358
1998-12,M1_beta,intercept,-0.0985877609,358
1998-12,M1_beta,beta,-0.0091685781,358
1998-12,M2_ln_size,intercept,-0.3821119624,775
1998-12,M2_ln_size,ln_size,0.0198132715,775
1998-12,M3_ln_be_me,intercept,-0.1835903614,713
1998-12,M3_ln_be_me,ln_be_me,0.0163672966,713
1998-12,M4_beta_ln_size,intercept,-0.4893623788,358
1998-12,M4_beta_ln_size,beta,-0.0103473250,358
1998-12,M4_beta_ln_size,ln_size,0.0270234520,358
1998-12,M5_beta_ln_be_me,intercept,-0.2805662198,358
1998-12,M5_beta_ln_be_me,beta,-0.0000558602,358
1998-12,M5_beta_ln_be_me,ln_be_me,0.0316129410,358
1998-12,M6_ln_size_ln_be_me,intercept,-0.4827370906,713
1998-12,M6_ln_size_ln_be_me,ln_size,0.0204686271,713
1998-12,M6_ln_size_ln_be_me,ln_be_me,0.0167493468,713
1998-12,M7_all3,intercept,-0.6592450856,358
1998-12,M7_all3,beta,-0.0014570249,358
1998-12,M7_all3,ln_size,0.0265242146,358
1998-12,M7_all3,ln_be_me,0.0307658062,358
1999-01,M1_beta,intercept,-0.0069663706,358
1999-01,M1_beta,beta,0.0038812600,358
1999-01,M2_ln_size,intercept,0.1741383686,775
1999-01,M2_ln_size,ln_size,-0.0126638172,775
1999-01,M3_ln_be_me,intercept,-0.0399469055,713
1999-01,M3_ln_be_me,ln_be_me,0.0060647965,713
1999-01,M4_beta_ln_size,intercept,0.2330392128,358
1999-01,M4_beta_ln_size,beta,0.0046052216,358
1999-01,M4_beta_ln_size,ln_size,-0.0165972381,358
1999-01,M5_beta_ln_be_me,intercept,0.0445316462,358
1999-01,M5_beta_ln_be_me,beta,0.0013024553,358
1999-01,M5_beta_ln_be_me,ln_be_me,-0.0089461345,358
1999-01,M6_ln_size_ln_be_me,intercept,0.1801110844,713
1999-01,M6_ln_size_ln_be_me,ln_size,-0.0150571091,713
1999-01,M6_ln_size_ln_be_me,ln_be_me,0.0057837532,713
1999-01,M7_all3,intercept,0.2795350712,358
1999-01,M7_all3,beta,0.0021720008,358
1999-01,M7_all3,ln_size,-0.0164605999,358
1999-01,M7_all3,ln_be_me,-0.0084204131,358
1999-02,M1_beta,intercept,-0.0565937279,358
1999-02,M1_beta,beta,0.0067136890,358
1999-02,M2_ln_size,intercept,0.0682952057,775
1999-02,M2_ln_size,ln_size,-0.0077976564,775
1999-02,M3_ln_be_me,intercept,-0.0411882872,713
1999-02,M3_ln_be_me,ln_be_me,-0.0007833501,713
1999-02,M4_beta_ln_size,intercept,0.0096686650,358
1999-02,M4_beta_ln_size,beta,0.0069135653,358
1999-02,M4_beta_ln_size,ln_size,-0.0045822797,358
1999-02,M5_beta_ln_be_me,intercept,-0.0834849534,358
1999-02,M5_beta_ln_be_me,beta,0.0080602888,358
1999-02,M5_beta_ln_be_me,ln_be_me,0.0046714909,358
1999-02,M6_ln_size_ln_be_me,intercept,0.0652788788,713
1999-02,M6_ln_size_ln_be_me,ln_size,-0.0072848422,713
1999-02,M6_ln_size_ln_be_me,ln_be_me,-0.0009193229,713
1999-02,M7_all3,intercept,-0.0169482937,358
1999-02,M7_all3,beta,0.0083064837,358
1999-02,M7_all3,ln_size,-0.0046604994,358
1999-02,M7_all3,ln_be_me,0.0048203388,358
1999-03,M1_beta,intercept,0.1237271637,358
1999-03,M1_beta,beta,-0.0066533017,358
1999-03,M2_ln_size,intercept,0.7961021502,775
1999-03,M2_ln_size,ln_size,-0.0484582629,775
1999-03,M3_ln_be_me,intercept,-0.1305806846,713
1999-03,M3_ln_be_me,ln_be_me,0.0422703662,713
1999-03,M4_beta_ln_size,intercept,0.9384293965,358
1999-03,M4_beta_ln_size,beta,-0.0041958041,358
1999-03,M4_beta_ln_size,ln_size,-0.0563395515,358
1999-03,M5_beta_ln_be_me,intercept,0.0114642288,358
1999-03,M5_beta_ln_be_me,beta,-0.0010316448,358
1999-03,M5_beta_ln_be_me,ln_be_me,0.0195020969,358
1999-03,M6_ln_size_ln_be_me,intercept,0.6157433493,713
1999-03,M6_ln_size_ln_be_me,ln_size,-0.0510660050,713
1999-03,M6_ln_size_ln_be_me,ln_be_me,0.0413172113,713
1999-03,M7_all3,intercept,0.8207458458,358
1999-03,M7_all3,beta,0.0019628102,358
1999-03,M7_all3,ln_size,-0.0566853903,358
1999-03,M7_all3,ln_be_me,0.0213125243,358
1999-04,M1_beta,intercept,-0.0441411703,358
1999-04,M1_beta,beta,0.0049462641,358
1999-04,M2_ln_size,intercept,-0.0987935743,775
1999-04,M2_ln_size,ln_size,0.0037313953,775
1999-04,M3_ln_be_me,intercept,-0.1713956452,713
1999-04,M3_ln_be_me,ln_be_me,0.0237957800,713
1999-04,M4_beta_ln_size,intercept,-0.1322859999,358
1999-04,M4_beta_ln_size,beta,0.0046803808,358
1999-04,M4_beta_ln_size,ln_size,0.0060955279,358
1999-04,M5_beta_ln_be_me,intercept,-0.1638902275,358
1999-04,M5_beta_ln_be_me,beta,0.0109427946,358
1999-04,M5_beta_ln_be_me,ln_be_me,0.0208025714,358
1999-04,M6_ln_size_ln_be_me,intercept,-0.2307791802,713
1999-04,M6_ln_size_ln_be_me,ln_size,0.0040632215,713
1999-04,M6_ln_size_ln_be_me,ln_be_me,0.0238716207,713
1999-04,M7_all3,intercept,-0.2461377118,358
1999-04,M7_all3,beta,0.0106384674,358
1999-04,M7_all3,ln_size,0.0057609498,358
1999-04,M7_all3,ln_be_me,0.0206185772,358
1999-05,M1_beta,intercept,0.0626118309,358
1999-05,M1_beta,beta,0.0301618475,358
1999-05,M2_ln_size,intercept,-0.4364581669,775
1999-05,M2_ln_size,ln_size,0.0361254930,775
1999-05,M3_ln_be_me,intercept,0.3666152113,713
1999-05,M3_ln_be_me,ln_be_me,-0.0521415433,713
1999-05,M4_beta_ln_size,intercept,-0.5692428909,358
1999-05,M4_beta_ln_size,beta,0.0282558979,358
1999-05,M4_beta_ln_size,ln_size,0.0436949970,358
1999-05,M5_beta_ln_be_me,intercept,0.3663433184,358
1999-05,M5_beta_ln_be_me,beta,0.0149522486,358
1999-05,M5_beta_ln_be_me,ln_be_me,-0.0527636383,358
1999-05,M6_ln_size_ln_be_me,intercept,-0.1463187169,713
1999-05,M6_ln_size_ln_be_me,ln_size,0.0350966676,713
1999-05,M6_ln_size_ln_be_me,ln_be_me,-0.0514864586,713
1999-05,M7_all3,intercept,-0.2700315437,358
1999-05,M7_all3,beta,0.0125975727,358
1999-05,M7_all3,ln_size,0.0445742949,358
1999-05,M7_all3,ln_be_me,-0.0541872595,358
1999-06,M1_beta,intercept,0.2926613312,358
1999-06,M1_beta,beta,0.0341191341,358
1999-06,M2_ln_size,intercept,0.0252829469,775
1999-06,M2_ln_size,ln_size,0.0207115788,775
1999-06,M3_ln_be_me,intercept,0.4401728924,713
1999-06,M3_ln_be_me,ln_be_me,-0.0218463766,713
1999-06,M4_beta_ln_size,intercept,0.2749655302,358
1999-06,M4_beta_ln_size,beta,0.0340657559,358
1999-06,M4_beta_ln_size,ln_size,0.0012237275,358
1999-06,M5_beta_ln_be_me,intercept,0.3835940358,358
1999-06,M5_beta_ln_be_me,beta,0.0295656057,358
1999-06,M5_beta_ln_be_me,ln_be_me,-0.0157966511,358
1999-06,M6_ln_size_ln_be_me,intercept,0.1683296667,713
1999-06,M6_ln_size_ln_be_me,ln_size,0.0186004294,713
1999-06,M6_ln_size_ln_be_me,ln_be_me,-0.0214991967,713
1999-06,M7_all3,intercept,0.3624526714,358
1999-06,M7_all3,beta,0.0294873797,358
1999-06,M7_all3,ln_size,0.0014808275,358
1999-06,M7_all3,ln_be_me,-0.0158439460,358
1999-07,M1_beta,intercept,-0.0316148916,654
1999-07,M1_beta,beta,-0.0165050925,654
1999-07,M2_ln_size,intercept,0.2028170526,872
1999-07,M2_ln_size,ln_size,-0.0168487192,872
1999-07,M3_ln_be_me,intercept,-0.0486246438,822
1999-07,M3_ln_be_me,ln_be_me,0.0002154362,822
1999-07,M4_beta_ln_size,intercept,0.2123493118,654
1999-07,M4_beta_ln_size,beta,-0.0092002215,654
1999-07,M4_beta_ln_size,ln_size,-0.0170746389,654
1999-07,M5_beta_ln_be_me,intercept,0.0176593665,650
1999-07,M5_beta_ln_be_me,beta,-0.0163694715,650
1999-07,M5_beta_ln_be_me,ln_be_me,-0.0095098987,650
1999-07,M6_ln_size_ln_be_me,intercept,0.2128914236,822
1999-07,M6_ln_size_ln_be_me,ln_size,-0.0174255946,822
1999-07,M6_ln_size_ln_be_me,ln_be_me,-0.0005876222,822
1999-07,M7_all3,intercept,0.2666635663,650
1999-07,M7_all3,beta,-0.0091219520,650
1999-07,M7_all3,ln_size,-0.0173470541,650
1999-07,M7_all3,ln_be_me,-0.0096718067,650
1999-08,M1_beta,intercept,0.0830777166,654
1999-08,M1_beta,beta,-0.0481123164,654
1999-08,M2_ln_size,intercept,0.6606611596,872
1999-08,M2_ln_size,ln_size,-0.0425693718,872
1999-08,M3_ln_be_me,intercept,-0.1305099500,822
1999-08,M3_ln_be_me,ln_be_me,0.0313045078,822
1999-08,M4_beta_ln_size,intercept,0.7398455831,654
1999-08,M4_beta_ln_size,beta,-0.0284471177,654
1999-08,M4_beta_ln_size,ln_size,-0.0459660638,654
1999-08,M5_beta_ln_be_me,intercept,-0.0846156911,650
1999-08,M5_beta_ln_be_me,beta,-0.0408958877,650
1999-08,M5_beta_ln_be_me,ln_be_me,0.0305389928,650
1999-08,M6_ln_size_ln_be_me,intercept,0.4843387542,822
1999-08,M6_ln_size_ln_be_me,ln_size,-0.0409692007,822
1999-08,M6_ln_size_ln_be_me,ln_be_me,0.0294164424,822
1999-08,M7_all3,intercept,0.5512375439,650
1999-08,M7_all3,beta,-0.0223887350,650
1999-08,M7_all3,ln_size,-0.0442971663,650
1999-08,M7_all3,ln_be_me,0.0301255470,650
1999-09,M1_beta,intercept,-0.0262920964,653
1999-09,M1_beta,beta,-0.0022566039,653
1999-09,M2_ln_size,intercept,0.0664212719,871
1999-09,M2_ln_size,ln_size,-0.0062595371,871
1999-09,M3_ln_be_me,intercept,0.0637143970,821
1999-09,M3_ln_be_me,ln_be_me,-0.0174822715,821
1999-09,M4_beta_ln_size,intercept,0.0701448512,653
1999-09,M4_beta_ln_size,beta,0.0005988866,653
1999-09,M4_beta_ln_size,ln_size,-0.0067469427,653
1999-09,M5_beta_ln_be_me,intercept,0.0732868381,649
1999-09,M5_beta_ln_be_me,beta,-0.0052850405,649
1999-09,M5_beta_ln_be_me,ln_be_me,-0.0185516587,649
1999-09,M6_ln_size_ln_be_me,intercept,0.1448610957,821
1999-09,M6_ln_size_ln_be_me,ln_size,-0.0054058442,821
1999-09,M6_ln_size_ln_be_me,ln_be_me,-0.0177338590,821
1999-09,M7_all3,intercept,0.1492283152,649
1999-09,M7_all3,beta,-0.0031020391,649
1999-09,M7_all3,ln_size,-0.0052871384,649
1999-09,M7_all3,ln_be_me,-0.0186045458,649
1999-10,M1_beta,intercept,-0.0363085108,653
1999-10,M1_beta,beta,-0.0054162624,653
1999-10,M2_ln_size,intercept,0.2084440088,871
1999-10,M2_ln_size,ln_size,-0.0168489468,871
1999-10,M3_ln_be_me,intercept,-0.0633526763,821
1999-10,M3_ln_be_me,ln_be_me,0.0043189305,821
1999-10,M4_beta_ln_size,intercept,0.1510579718,653
1999-10,M4_beta_ln_size,beta,0.0001316446,653
1999-10,M4_beta_ln_size,ln_size,-0.0131085746,653
1999-10,M5_beta_ln_be_me,intercept,-0.0546546706,649
1999-10,M5_beta_ln_be_me,beta,-0.0055688336,649
1999-10,M5_beta_ln_be_me,ln_be_me,0.0036193050,649
1999-10,M6_ln_size_ln_be_me,intercept,0.2014043180,821
1999-10,M6_ln_size_ln_be_me,ln_size,-0.0176376251,821
1999-10,M6_ln_size_ln_be_me,ln_be_me,0.0034980770,821
1999-10,M7_all3,intercept,0.1570896470,649
1999-10,M7_all3,beta,0.0005179343,649
1999-10,M7_all3,ln_size,-0.0147418980,649
1999-10,M7_all3,ln_be_me,0.0034718424,649
1999-11,M1_beta,intercept,-0.0115115046,654
1999-11,M1_beta,beta,-0.0156163819,654
1999-11,M2_ln_size,intercept,0.3277338867,872
1999-11,M2_ln_size,ln_size,-0.0241747251,872
1999-11,M3_ln_be_me,intercept,-0.0610934178,822
1999-11,M3_ln_be_me,ln_be_me,0.0060304877,822
1999-11,M4_beta_ln_size,intercept,0.2868506539,654
1999-11,M4_beta_ln_size,beta,-0.0066827062,654
1999-11,M4_beta_ln_size,ln_size,-0.0208818591,654
1999-11,M5_beta_ln_be_me,intercept,-0.0383068832,650
1999-11,M5_beta_ln_be_me,beta,-0.0146871493,650
1999-11,M5_beta_ln_be_me,ln_be_me,0.0048761379,650
1999-11,M6_ln_size_ln_be_me,intercept,0.2862912685,822
1999-11,M6_ln_size_ln_be_me,ln_size,-0.0231472765,822
1999-11,M6_ln_size_ln_be_me,ln_be_me,0.0049637456,822
1999-11,M7_all3,intercept,0.2488435459,650
1999-11,M7_all3,beta,-0.0063293452,650
1999-11,M7_all3,ln_size,-0.0200045382,650
1999-11,M7_all3,ln_be_me,0.0046894264,650
1999-12,M1_beta,intercept,-0.0790020621,654
1999-12,M1_beta,beta,0.0161835072,654
1999-12,M2_ln_size,intercept,-0.2258665042,872
1999-12,M2_ln_size,ln_size,0.0113896815,872
1999-12,M3_ln_be_me,intercept,0.1532442678,822
1999-12,M3_ln_be_me,ln_be_me,-0.0405443130,822
1999-12,M4_beta_ln_size,intercept,-0.2295357489,654
1999-12,M4_beta_ln_size,beta,0.0116761690,654
1999-12,M4_beta_ln_size,ln_size,0.0105355962,654
1999-12,M5_beta_ln_be_me,intercept,0.1359139758,650
1999-12,M5_beta_ln_be_me,beta,0.0082654716,650
1999-12,M5_beta_ln_be_me,ln_be_me,-0.0396115490,650
1999-12,M6_ln_size_ln_be_me,intercept,-0.0185591966,822
1999-12,M6_ln_size_ln_be_me,ln_size,0.0114477766,822
1999-12,M6_ln_size_ln_be_me,ln_be_me,-0.0400167423,822
1999-12,M7_all3,intercept,-0.0231570438,650
1999-12,M7_all3,beta,0.0036355485,650
1999-12,M7_all3,ln_size,0.0110817953,650
1999-12,M7_all3,ln_be_me,-0.0395081175,650
